YEAR_MONTH;BRICK_CODE;VOLUME;VALUE;MARKET
201907;101;162;86364,14;DPP-IV
201907;102;588;302423,32;DPP-IV
201907;103;265;137668,46;DPP-IV
201907;104;364;184427,72;DPP-IV
201907;105;300;164231,93;DPP-IV
201907;106;906;485861,86;DPP-IV
201907;107;343;183936,6;DPP-IV
201907;108;229;117595,83;DPP-IV
201907;109;211;121047,24;DPP-IV
201907;110;270;154591;DPP-IV
201907;111;409;212845,53;DPP-IV
201907;112;328;159384,36;DPP-IV
201907;113;487;233718,22;DPP-IV
201907;114;415;227634,92;DPP-IV
201907;115;569;281884,83;DPP-IV
201907;116;628;284523,39;DPP-IV
201907;201;522;250789,12;DPP-IV
201907;202;379;178040,53;DPP-IV
201907;203;569;319787,72;DPP-IV
201907;204;290;143538,85;DPP-IV
201907;205;317;166429,72;DPP-IV
201907;206;406;170607,15;DPP-IV
201907;207;228;111058,62;DPP-IV
201907;208;289;160140,25;DPP-IV
201907;209;214;110731,36;DPP-IV
201907;301;242;125296,59;DPP-IV
201907;302;291;156240,88;DPP-IV
201907;303;243;118244,94;DPP-IV
201907;304;386;221145,81;DPP-IV
201907;305;174;96236,98;DPP-IV
201907;306;250;125893,08;DPP-IV
201907;307;441;223988,6;DPP-IV
201907;308;484;275907,32;DPP-IV
201907;309;268;123370,11;DPP-IV
201907;310;104;46932,28;DPP-IV
201907;311;301;177649,45;DPP-IV
201907;312;460;257810,57;DPP-IV
201907;313;382;178414,01;DPP-IV
201907;314;310;157138,3;DPP-IV
201907;315;289;153049,81;DPP-IV
201907;401;168;87823,41;DPP-IV
201907;402;381;201446,48;DPP-IV
201907;403;138;67063,17;DPP-IV
201907;404;574;320746,59;DPP-IV
201907;405;335;181338,65;DPP-IV
201907;406;339;176702,99;DPP-IV
201907;407;144;80579,91;DPP-IV
201907;408;374;224803,55;DPP-IV
201907;409;203;115513,7;DPP-IV
201907;410;330;171715,78;DPP-IV
201907;411;507;256798,14;DPP-IV
201907;412;279;155424,04;DPP-IV
201907;501;397;218425,36;DPP-IV
201907;502;207;110756,51;DPP-IV
201907;503;376;221548,31;DPP-IV
201907;504;276;139083,06;DPP-IV
201907;505;192;102649,21;DPP-IV
201907;506;261;148880,97;DPP-IV
201907;507;234;145779,35;DPP-IV
201907;508;361;216272,71;DPP-IV
201907;601;109;86888,06;DPP-IV
201907;700;62;31136,64;DPP-IV
201908;101;104;53502,22;DPP-IV
201908;102;557;289923,66;DPP-IV
201908;103;262;114115,96;DPP-IV
201908;104;242;122894,23;DPP-IV
201908;105;280;153346,4;DPP-IV
201908;106;767;434524,05;DPP-IV
201908;107;343;167996,34;DPP-IV
201908;108;202;114681,34;DPP-IV
201908;109;176;108112,24;DPP-IV
201908;110;183;115883,33;DPP-IV
201908;111;368;192486,78;DPP-IV
201908;112;269;146022,24;DPP-IV
201908;113;339;178598,85;DPP-IV
201908;114;393;191564,42;DPP-IV
201908;115;445;249760,34;DPP-IV
201908;116;534;259816,79;DPP-IV
201908;201;466;226552,76;DPP-IV
201908;202;338;186523,02;DPP-IV
201908;203;533;275713,04;DPP-IV
201908;204;241;132793,25;DPP-IV
201908;205;251;137663,67;DPP-IV
201908;206;335;156820,35;DPP-IV
201908;207;233;124722,44;DPP-IV
201908;208;267;148958,64;DPP-IV
201908;209;232;110068,63;DPP-IV
201908;301;192;104989,65;DPP-IV
201908;302;247;142726,52;DPP-IV
201908;303;200;109096,93;DPP-IV
201908;304;340;178607,64;DPP-IV
201908;305;126;61005,19;DPP-IV
201908;306;183;88213,26;DPP-IV
201908;307;390;223382,81;DPP-IV
201908;308;454;252000,47;DPP-IV
201908;309;225;109741,87;DPP-IV
201908;310;117;60716,76;DPP-IV
201908;311;244;133976,28;DPP-IV
201908;312;333;165883,9;DPP-IV
201908;313;413;194704,67;DPP-IV
201908;314;272;144150,2;DPP-IV
201908;315;255;136574,44;DPP-IV
201908;401;162;97289,42;DPP-IV
201908;402;338;182441,18;DPP-IV
201908;403;120;65427,38;DPP-IV
201908;404;490;263617,86;DPP-IV
201908;405;295;156258,53;DPP-IV
201908;406;334;180469,08;DPP-IV
201908;407;111;53159,38;DPP-IV
201908;408;370;211035,81;DPP-IV
201908;409;221;118945,18;DPP-IV
201908;410;257;133446,99;DPP-IV
201908;411;558;303377,78;DPP-IV
201908;412;290;159980,46;DPP-IV
201908;501;400;247539;DPP-IV
201908;502;275;165474,1;DPP-IV
201908;503;331;178470,86;DPP-IV
201908;504;259;142762,98;DPP-IV
201908;505;131;72680,11;DPP-IV
201908;506;290;187316,02;DPP-IV
201908;507;198;120512,65;DPP-IV
201908;508;329;193246,65;DPP-IV
201908;601;120;91217,17;DPP-IV
201908;700;95;57515,56;DPP-IV
201909;101;114;59160,59;DPP-IV
201909;102;582;322322,95;DPP-IV
201909;103;212;107881,03;DPP-IV
201909;104;265;147933,21;DPP-IV
201909;105;264;155466,56;DPP-IV
201909;106;814;443287,3;DPP-IV
201909;107;356;181849,18;DPP-IV
201909;108;153;88534,14;DPP-IV
201909;109;202;114882,26;DPP-IV
201909;110;243;150242,85;DPP-IV
201909;111;330;170436,91;DPP-IV
201909;112;247;126797,12;DPP-IV
201909;113;275;141759,25;DPP-IV
201909;114;470;233845,64;DPP-IV
201909;115;421;220202,06;DPP-IV
201909;116;534;257117,46;DPP-IV
201909;201;469;230765,09;DPP-IV
201909;202;356;198144,3;DPP-IV
201909;203;439;234172,4;DPP-IV
201909;204;267;153144,05;DPP-IV
201909;205;308;154220,56;DPP-IV
201909;206;318;142549;DPP-IV
201909;207;196;108243,83;DPP-IV
201909;208;197;113012,52;DPP-IV
201909;209;311;126793,74;DPP-IV
201909;301;197;102457,74;DPP-IV
201909;302;232;128307,99;DPP-IV
201909;303;195;99185,76;DPP-IV
201909;304;396;225576,92;DPP-IV
201909;305;176;95609,39;DPP-IV
201909;306;196;99694,42;DPP-IV
201909;307;339;180858,46;DPP-IV
201909;308;437;229566,53;DPP-IV
201909;309;205;87180,25;DPP-IV
201909;310;113;56679,97;DPP-IV
201909;311;217;124642,57;DPP-IV
201909;312;332;167742,68;DPP-IV
201909;313;299;130763,58;DPP-IV
201909;314;279;151724,97;DPP-IV
201909;315;267;149526,04;DPP-IV
201909;401;141;85817,42;DPP-IV
201909;402;355;183903,6;DPP-IV
201909;403;102;52551,27;DPP-IV
201909;404;524;281185,53;DPP-IV
201909;405;313;177654,86;DPP-IV
201909;406;324;173515,52;DPP-IV
201909;407;104;59426,56;DPP-IV
201909;408;313;188480,64;DPP-IV
201909;409;192;100608,62;DPP-IV
201909;410;251;123534,16;DPP-IV
201909;411;433;238919,68;DPP-IV
201909;412;264;134697,46;DPP-IV
201909;501;407;230299,17;DPP-IV
201909;502;256;137249,1;DPP-IV
201909;503;326;179511,2;DPP-IV
201909;504;247;126813,44;DPP-IV
201909;505;137;75741,57;DPP-IV
201909;506;226;145416,62;DPP-IV
201909;507;178;115295,94;DPP-IV
201909;508;350;196931,47;DPP-IV
201909;601;95;77398,93;DPP-IV
201909;700;69;41514,55;DPP-IV
201911;101;76;52070,52;DPP-IV
201911;102;446;274334,81;DPP-IV
201911;103;195;99778,34;DPP-IV
201911;104;188;109424,25;DPP-IV
201911;105;273;156799,1;DPP-IV
201911;106;746;427527,15;DPP-IV
201911;107;260;151549,65;DPP-IV
201911;108;138;74132,55;DPP-IV
201911;109;180;111195,43;DPP-IV
201911;110;154;107847,22;DPP-IV
201911;111;298;172191,05;DPP-IV
201911;112;185;97599,95;DPP-IV
201911;113;303;150784,73;DPP-IV
201911;114;331;176157,5;DPP-IV
201911;115;342;191699,94;DPP-IV
201911;116;552;262098,49;DPP-IV
201911;201;465;218478,07;DPP-IV
201911;202;307;199454,43;DPP-IV
201911;203;441;229033,73;DPP-IV
201911;204;210;122401,8;DPP-IV
201911;205;242;131826,14;DPP-IV
201911;206;286;133493,6;DPP-IV
201911;207;214;113868,53;DPP-IV
201911;208;231;131078,86;DPP-IV
201911;209;279;144439,24;DPP-IV
201911;301;162;88290,47;DPP-IV
201911;302;173;100832,2;DPP-IV
201911;303;149;70890,91;DPP-IV
201911;304;314;186214,98;DPP-IV
201911;305;114;67173,05;DPP-IV
201911;306;148;78906,7;DPP-IV
201911;307;310;176120,17;DPP-IV
201911;308;443;231550,73;DPP-IV
201911;309;240;109964,76;DPP-IV
201911;310;98;59795,51;DPP-IV
201911;311;176;99299,73;DPP-IV
201911;312;276;136544,69;DPP-IV
201911;313;319;148238,33;DPP-IV
201911;314;253;118754,13;DPP-IV
201911;315;250;139903,62;DPP-IV
201911;401;128;66965,76;DPP-IV
201911;402;289;145425,1;DPP-IV
201911;403;144;74949,67;DPP-IV
201911;404;497;264953,43;DPP-IV
201911;405;289;161001,01;DPP-IV
201911;406;261;137637,78;DPP-IV
201911;407;96;59005,85;DPP-IV
201911;408;303;183561,83;DPP-IV
201911;409;182;111184,86;DPP-IV
201911;410;275;134259,71;DPP-IV
201911;411;494;254049,21;DPP-IV
201911;412;203;108483,05;DPP-IV
201911;501;302;187386,45;DPP-IV
201911;502;256;138548,69;DPP-IV
201911;503;272;155377,26;DPP-IV
201911;504;245;134439,49;DPP-IV
201911;505;150;88406,28;DPP-IV
201911;506;188;108052,08;DPP-IV
201911;507;170;107636,71;DPP-IV
201911;508;333;162972,19;DPP-IV
201911;601;115;93716,62;DPP-IV
201911;700;96;58562,46;DPP-IV
201912;101;95;50336,27;DPP-IV
201912;102;624;340103,98;DPP-IV
201912;103;287;148702,95;DPP-IV
201912;104;318;172549,11;DPP-IV
201912;105;324;166067,41;DPP-IV
201912;106;754;413850,17;DPP-IV
201912;107;362;185281,55;DPP-IV
201912;108;260;142566,03;DPP-IV
201912;109;238;145536,37;DPP-IV
201912;110;214;132237,82;DPP-IV
201912;111;399;231110,96;DPP-IV
201912;112;328;176541,77;DPP-IV
201912;113;408;210596,61;DPP-IV
201912;114;440;239222,96;DPP-IV
201912;115;405;221586,66;DPP-IV
201912;116;640;311411,26;DPP-IV
201912;201;578;261128,09;DPP-IV
201912;202;419;233545,55;DPP-IV
201912;203;486;274963,71;DPP-IV
201912;204;250;135729,23;DPP-IV
201912;205;343;166216,92;DPP-IV
201912;206;388;184764,36;DPP-IV
201912;207;260;126836,49;DPP-IV
201912;208;252;126676,74;DPP-IV
201912;209;394;161978,92;DPP-IV
201912;301;253;131687,4;DPP-IV
201912;302;238;127417,83;DPP-IV
201912;303;239;128652,15;DPP-IV
201912;304;350;195466,15;DPP-IV
201912;305;188;119612,95;DPP-IV
201912;306;216;124100,91;DPP-IV
201912;307;361;212987,36;DPP-IV
201912;308;516;262728,45;DPP-IV
201912;309;240;96430,48;DPP-IV
201912;310;124;67252,91;DPP-IV
201912;311;277;157508,7;DPP-IV
201912;312;378;189966,85;DPP-IV
201912;313;447;214792,36;DPP-IV
201912;314;297;152007,61;DPP-IV
201912;315;331;179547,63;DPP-IV
201912;401;164;101101,12;DPP-IV
201912;402;397;212026,81;DPP-IV
201912;403;123;62141,3;DPP-IV
201912;404;584;309526,96;DPP-IV
201912;405;297;142369,02;DPP-IV
201912;406;352;215308,59;DPP-IV
201912;407;137;84073,21;DPP-IV
201912;408;389;246067,51;DPP-IV
201912;409;246;120336,83;DPP-IV
201912;410;273;145451,76;DPP-IV
201912;411;507;275367,71;DPP-IV
201912;412;267;151687,54;DPP-IV
201912;501;456;261660,15;DPP-IV
201912;502;229;129952,84;DPP-IV
201912;503;359;207675,51;DPP-IV
201912;504;273;133473,3;DPP-IV
201912;505;146;80684,24;DPP-IV
201912;506;271;165207,98;DPP-IV
201912;507;214;140522,61;DPP-IV
201912;508;402;216474,96;DPP-IV
201912;601;97;74059,14;DPP-IV
201912;700;85;49278,21;DPP-IV
202001;101;99;60992,96;DPP-IV
202001;102;599;280212,4;DPP-IV
202001;103;267;132374,6;DPP-IV
202001;104;297;167984,83;DPP-IV
202001;105;304;172319,25;DPP-IV
202001;106;844;433916,24;DPP-IV
202001;107;378;185991,6;DPP-IV
202001;108;205;114446,46;DPP-IV
202001;109;197;107092,96;DPP-IV
202001;110;272;157422,85;DPP-IV
202001;111;400;218860,48;DPP-IV
202001;112;315;157990,92;DPP-IV
202001;113;367;200750,35;DPP-IV
202001;114;400;209985,2;DPP-IV
202001;115;382;197337,58;DPP-IV
202001;116;546;269118,87;DPP-IV
202001;201;477;221703,81;DPP-IV
202001;202;327;173075,54;DPP-IV
202001;203;555;283119,72;DPP-IV
202001;204;262;134940,89;DPP-IV
202001;205;334;175728,21;DPP-IV
202001;206;347;150240,94;DPP-IV
202001;207;211;109439,27;DPP-IV
202001;208;271;147968,16;DPP-IV
202001;209;277;136002,33;DPP-IV
202001;301;185;96305,01;DPP-IV
202001;302;253;138337,39;DPP-IV
202001;303;224;122389,63;DPP-IV
202001;304;364;204201,35;DPP-IV
202001;305;109;55792,72;DPP-IV
202001;306;139;72100,87;DPP-IV
202001;307;311;161755,66;DPP-IV
202001;308;356;182884,64;DPP-IV
202001;309;272;136478,38;DPP-IV
202001;310;83;42888,42;DPP-IV
202001;311;240;132016,55;DPP-IV
202001;312;417;218913,12;DPP-IV
202001;313;308;142654,43;DPP-IV
202001;314;254;128964,13;DPP-IV
202001;315;249;138332,11;DPP-IV
202001;401;192;101432,81;DPP-IV
202001;402;342;179775,69;DPP-IV
202001;403;155;79867,88;DPP-IV
202001;404;620;331685,12;DPP-IV
202001;405;345;174694,65;DPP-IV
202001;406;355;194806,25;DPP-IV
202001;407;125;65885,09;DPP-IV
202001;408;330;192674,98;DPP-IV
202001;409;207;108828,77;DPP-IV
202001;410;286;148236,76;DPP-IV
202001;411;520;249478,84;DPP-IV
202001;412;239;128870,33;DPP-IV
202001;501;443;269614,2;DPP-IV
202001;502;263;150235,3;DPP-IV
202001;503;280;154261,41;DPP-IV
202001;504;287;151129,02;DPP-IV
202001;505;168;97131,73;DPP-IV
202001;506;270;162975,01;DPP-IV
202001;507;222;145405,4;DPP-IV
202001;508;381;200820,57;DPP-IV
202001;601;87;67682,9;DPP-IV
202001;700;119;69149,07;DPP-IV
202002;101;113;50989,73;DPP-IV
202002;102;554;300859,31;DPP-IV
202002;103;324;149925,05;DPP-IV
202002;104;265;150696,99;DPP-IV
202002;105;312;177444,98;DPP-IV
202002;106;844;464506,23;DPP-IV
202002;107;404;208140,01;DPP-IV
202002;108;213;103643,23;DPP-IV
202002;109;205;111546,95;DPP-IV
202002;110;278;166160,42;DPP-IV
202002;111;348;188186,52;DPP-IV
202002;112;241;125660;DPP-IV
202002;113;332;157437,99;DPP-IV
202002;114;369;196325,57;DPP-IV
202002;115;452;233299,81;DPP-IV
202002;116;610;298664,05;DPP-IV
202002;201;506;250713,69;DPP-IV
202002;202;383;216479,61;DPP-IV
202002;203;490;264694,92;DPP-IV
202002;204;337;177810,16;DPP-IV
202002;205;269;130568,06;DPP-IV
202002;206;329;154533,38;DPP-IV
202002;207;245;118129,48;DPP-IV
202002;208;253;130764,51;DPP-IV
202002;209;294;121715,68;DPP-IV
202002;301;235;115557,87;DPP-IV
202002;302;223;112918,27;DPP-IV
202002;303;226;112520,89;DPP-IV
202002;304;400;229088,55;DPP-IV
202002;305;185;98954,03;DPP-IV
202002;306;200;109406,72;DPP-IV
202002;307;400;234629,3;DPP-IV
202002;308;454;235818,83;DPP-IV
202002;309;241;122148,27;DPP-IV
202002;310;110;57154,76;DPP-IV
202002;311;245;139200,03;DPP-IV
202002;312;440;217681,01;DPP-IV
202002;313;412;191034,23;DPP-IV
202002;314;271;126371,76;DPP-IV
202002;315;262;138446,48;DPP-IV
202002;401;127;73528,51;DPP-IV
202002;402;378;214601,52;DPP-IV
202002;403;139;70436,76;DPP-IV
202002;404;540;284731,31;DPP-IV
202002;405;306;157620,69;DPP-IV
202002;406;311;164626,41;DPP-IV
202002;407;108;55708,26;DPP-IV
202002;408;342;176695,32;DPP-IV
202002;409;225;105922,77;DPP-IV
202002;410;228;119099,76;DPP-IV
202002;411;591;285477,1;DPP-IV
202002;412;227;126049,47;DPP-IV
202002;501;419;226825,41;DPP-IV
202002;502;249;134403,19;DPP-IV
202002;503;295;160742,47;DPP-IV
202002;504;256;136266,41;DPP-IV
202002;505;165;88067,4;DPP-IV
202002;506;270;161527,02;DPP-IV
202002;507;210;126139,47;DPP-IV
202002;508;419;217879,24;DPP-IV
202002;601;111;93640,24;DPP-IV
202002;700;111;60031,79;DPP-IV
202003;101;122;61208,99;DPP-IV
202003;102;618;325535,69;DPP-IV
202003;103;240;120060,76;DPP-IV
202003;104;294;158873,3;DPP-IV
202003;105;311;188036,23;DPP-IV
202003;106;907;498710,41;DPP-IV
202003;107;435;236122,13;DPP-IV
202003;108;261;158021,62;DPP-IV
202003;109;276;151709,95;DPP-IV
202003;110;227;133579,16;DPP-IV
202003;111;350;193555,56;DPP-IV
202003;112;355;196515,28;DPP-IV
202003;113;440;242097,72;DPP-IV
202003;114;455;240271,32;DPP-IV
202003;115;481;253766,8;DPP-IV
202003;116;627;295238,73;DPP-IV
202003;201;615;289020,6;DPP-IV
202003;202;393;221862,34;DPP-IV
202003;203;591;319516,56;DPP-IV
202003;204;265;149903,63;DPP-IV
202003;205;290;142624,66;DPP-IV
202003;206;366;172791,64;DPP-IV
202003;207;241;129389,34;DPP-IV
202003;208;294;163287,76;DPP-IV
202003;209;236;115672,32;DPP-IV
202003;301;220;128710,22;DPP-IV
202003;302;286;151907,98;DPP-IV
202003;303;244;130378,4;DPP-IV
202003;304;346;200105,39;DPP-IV
202003;305;163;106130,82;DPP-IV
202003;306;186;102129,09;DPP-IV
202003;307;363;207164,63;DPP-IV
202003;308;602;301265,06;DPP-IV
202003;309;253;109914,77;DPP-IV
202003;310;165;82029,67;DPP-IV
202003;311;281;158533,26;DPP-IV
202003;312;405;204918,46;DPP-IV
202003;313;425;196678,97;DPP-IV
202003;314;299;160919,9;DPP-IV
202003;315;357;197931,99;DPP-IV
202003;401;205;119330,51;DPP-IV
202003;402;398;198313,31;DPP-IV
202003;403;128;67023,82;DPP-IV
202003;404;615;344736,06;DPP-IV
202003;405;327;165843,61;DPP-IV
202003;406;363;204103,01;DPP-IV
202003;407;143;88108,24;DPP-IV
202003;408;445;223956,14;DPP-IV
202003;409;210;130200,11;DPP-IV
202003;410;284;162154,21;DPP-IV
202003;411;535;283650,84;DPP-IV
202003;412;322;169503,17;DPP-IV
202003;501;470;288646,4;DPP-IV
202003;502;246;153882,09;DPP-IV
202003;503;373;213570,93;DPP-IV
202003;504;261;147141,17;DPP-IV
202003;505;164;96024,25;DPP-IV
202003;506;338;193613,48;DPP-IV
202003;507;189;124612,48;DPP-IV
202003;508;380;217876,52;DPP-IV
202003;601;82;65119,12;DPP-IV
202003;700;238;141195,87;DPP-IV
202004;101;106;63830,79;DPP-IV
202004;102;445;213934,94;DPP-IV
202004;103;164;79275,56;DPP-IV
202004;104;225;112495,42;DPP-IV
202004;105;223;135331,18;DPP-IV
202004;106;627;353979,55;DPP-IV
202004;107;250;145327,05;DPP-IV
202004;108;191;101433,18;DPP-IV
202004;109;181;115673,15;DPP-IV
202004;110;171;102598,09;DPP-IV
202004;111;337;190349,34;DPP-IV
202004;112;260;130557;DPP-IV
202004;113;307;161917,45;DPP-IV
202004;114;328;175040,65;DPP-IV
202004;115;371;201779,12;DPP-IV
202004;116;547;251096,46;DPP-IV
202004;201;465;210268,38;DPP-IV
202004;202;298;166769,55;DPP-IV
202004;203;568;293479,25;DPP-IV
202004;204;241;130948,12;DPP-IV
202004;205;259;141593,38;DPP-IV
202004;206;291;131928,93;DPP-IV
202004;207;192;93121,32;DPP-IV
202004;208;247;137091,36;DPP-IV
202004;209;238;93521,43;DPP-IV
202004;301;158;81593,59;DPP-IV
202004;302;206;119235,2;DPP-IV
202004;303;203;105770,7;DPP-IV
202004;304;287;168324,32;DPP-IV
202004;305;138;81115,78;DPP-IV
202004;306;158;83604,69;DPP-IV
202004;307;274;143640,94;DPP-IV
202004;308;320;182815,18;DPP-IV
202004;309;181;81721,3;DPP-IV
202004;310;143;66204,42;DPP-IV
202004;311;218;117688,9;DPP-IV
202004;312;311;168551,29;DPP-IV
202004;313;301;143761;DPP-IV
202004;314;240;113026,07;DPP-IV
202004;315;225;125818,09;DPP-IV
202004;401;140;77887,16;DPP-IV
202004;402;308;158112,53;DPP-IV
202004;403;92;44054,53;DPP-IV
202004;404;477;252411,55;DPP-IV
202004;405;336;171313,99;DPP-IV
202004;406;314;172938;DPP-IV
202004;407;138;70547,95;DPP-IV
202004;408;258;155537,47;DPP-IV
202004;409;201;106694,9;DPP-IV
202004;410;245;124426,25;DPP-IV
202004;411;431;224945,97;DPP-IV
202004;412;230;124460,94;DPP-IV
202004;501;343;185329,61;DPP-IV
202004;502;158;88418,79;DPP-IV
202004;503;353;194357,44;DPP-IV
202004;504;248;131486,58;DPP-IV
202004;505;194;114239,06;DPP-IV
202004;506;271;170052,18;DPP-IV
202004;507;194;124761,82;DPP-IV
202004;508;261;146092,29;DPP-IV
202004;601;106;81278,13;DPP-IV
202004;700;203;123683,34;DPP-IV
202005;101;117;65575,19;DPP-IV
202005;102;471;255990,86;DPP-IV
202005;103;218;110333,52;DPP-IV
202005;104;199;107993,12;DPP-IV
202005;105;228;121183,29;DPP-IV
202005;106;681;377660,14;DPP-IV
202005;107;307;165900,15;DPP-IV
202005;108;144;73835,55;DPP-IV
202005;109;168;100685,52;DPP-IV
202005;110;193;116999,61;DPP-IV
202005;111;353;185328,53;DPP-IV
202005;112;299;157125,45;DPP-IV
202005;113;321;174901,71;DPP-IV
202005;114;394;211114,9;DPP-IV
202005;115;365;185814,04;DPP-IV
202005;116;592;273104,32;DPP-IV
202005;201;468;212795,77;DPP-IV
202005;202;282;178125,25;DPP-IV
202005;203;426;229253,68;DPP-IV
202005;204;236;134732,9;DPP-IV
202005;205;287;152789,71;DPP-IV
202005;206;363;183247,26;DPP-IV
202005;207;209;112257,13;DPP-IV
202005;208;235;135417,21;DPP-IV
202005;209;216;98708,78;DPP-IV
202005;301;169;86389,45;DPP-IV
202005;302;241;135109,3;DPP-IV
202005;303;132;75619,19;DPP-IV
202005;304;268;158643,91;DPP-IV
202005;305;151;85238,08;DPP-IV
202005;306;144;76971,46;DPP-IV
202005;307;368;212513,75;DPP-IV
202005;308;424;247268,21;DPP-IV
202005;309;244;115992,26;DPP-IV
202005;310;152;82785,44;DPP-IV
202005;311;220;125129,03;DPP-IV
202005;312;369;191347,32;DPP-IV
202005;313;273;133174,52;DPP-IV
202005;314;256;134593,8;DPP-IV
202005;315;238;139388,78;DPP-IV
202005;401;173;96757,34;DPP-IV
202005;402;293;162317,48;DPP-IV
202005;403;93;50420,88;DPP-IV
202005;404;485;261740,52;DPP-IV
202005;405;303;165502,15;DPP-IV
202005;406;334;184724,45;DPP-IV
202005;407;101;58604,27;DPP-IV
202005;408;325;188878,55;DPP-IV
202005;409;161;91409,77;DPP-IV
202005;410;238;125034,77;DPP-IV
202005;411;512;261761,31;DPP-IV
202005;412;225;124051,99;DPP-IV
202005;501;407;233396,26;DPP-IV
202005;502;209;120648,47;DPP-IV
202005;503;296;159428,74;DPP-IV
202005;504;247;127305,6;DPP-IV
202005;505;143;76637,61;DPP-IV
202005;506;185;97959,78;DPP-IV
202005;507;186;117525,35;DPP-IV
202005;508;352;194151,51;DPP-IV
202005;601;107;87474,85;DPP-IV
202005;700;162;87604,4;DPP-IV
202006;101;116;58998,53;DPP-IV
202006;102;542;313461,27;DPP-IV
202006;103;253;122283,75;DPP-IV
202006;104;269;138721,71;DPP-IV
202006;105;280;168262,35;DPP-IV
202006;106;812;449274,24;DPP-IV
202006;107;358;191948,31;DPP-IV
202006;108;206;121221,09;DPP-IV
202006;109;200;125697,23;DPP-IV
202006;110;228;144640,67;DPP-IV
202006;111;395;220573,97;DPP-IV
202006;112;324;165713,9;DPP-IV
202006;113;393;207791,03;DPP-IV
202006;114;518;284878,61;DPP-IV
202006;115;402;221614,77;DPP-IV
202006;116;608;294121,35;DPP-IV
202006;201;499;237876,36;DPP-IV
202006;202;350;198230,14;DPP-IV
202006;203;524;278132,32;DPP-IV
202006;204;233;134777,16;DPP-IV
202006;205;288;158593,11;DPP-IV
202006;206;329;174713,98;DPP-IV
202006;207;213;104067;DPP-IV
202006;208;260;145829,31;DPP-IV
202006;209;240;110809,78;DPP-IV
202006;301;197;104825,22;DPP-IV
202006;302;228;117488,19;DPP-IV
202006;303;259;143619,25;DPP-IV
202006;304;381;220034,77;DPP-IV
202006;305;165;92046,33;DPP-IV
202006;306;215;115129,66;DPP-IV
202006;307;385;206001,07;DPP-IV
202006;308;428;238398,59;DPP-IV
202006;309;240;120631,24;DPP-IV
202006;310;144;72907,26;DPP-IV
202006;311;244;133681,93;DPP-IV
202006;312;444;249659,69;DPP-IV
202006;313;419;201845,97;DPP-IV
202006;314;300;161006,2;DPP-IV
202006;315;311;183471,75;DPP-IV
202006;401;155;82442,68;DPP-IV
202006;402;347;181990;DPP-IV
202006;403;120;71248;DPP-IV
202006;404;610;343369,37;DPP-IV
202006;405;309;159580,14;DPP-IV
202006;406;327;185321,24;DPP-IV
202006;407;147;90644,21;DPP-IV
202006;408;371;204127,58;DPP-IV
202006;409;207;103736,44;DPP-IV
202006;410;290;153047,01;DPP-IV
202006;411;493;282187,43;DPP-IV
202006;412;307;156201,09;DPP-IV
202006;501;494;290849,23;DPP-IV
202006;502;303;181080,6;DPP-IV
202006;503;370;200472,06;DPP-IV
202006;504;275;139288,21;DPP-IV
202006;505;160;84652,59;DPP-IV
202006;506;294;170064,15;DPP-IV
202006;507;192;113574,4;DPP-IV
202006;508;408;231376,15;DPP-IV
202006;601;57;50140,42;DPP-IV
202006;700;143;83328,47;DPP-IV
201907;101;414;416640,42;GLP-1
201907;102;980;949179,04;GLP-1
201907;103;249;255593,27;GLP-1
201907;104;486;484902,31;GLP-1
201907;105;398;407524,15;GLP-1
201907;106;1202;1206936,6;GLP-1
201907;107;470;472685,27;GLP-1
201907;108;265;263594,14;GLP-1
201907;109;373;375034,64;GLP-1
201907;110;387;388361,85;GLP-1
201907;111;558;538727,06;GLP-1
201907;112;382;377288,87;GLP-1
201907;113;725;703169,53;GLP-1
201907;114;830;801896,17;GLP-1
201907;115;864;961554,8;GLP-1
201907;116;823;805518,67;GLP-1
201907;201;907;866345,74;GLP-1
201907;202;753;717096,74;GLP-1
201907;203;1461;1406275,09;GLP-1
201907;204;714;680808,45;GLP-1
201907;205;656;619309,63;GLP-1
201907;206;781;754478,28;GLP-1
201907;207;720;691686,8;GLP-1
201907;208;493;484920,26;GLP-1
201907;209;370;356662,05;GLP-1
201907;301;314;315966,08;GLP-1
201907;302;567;561137,72;GLP-1
201907;303;443;412401,76;GLP-1
201907;304;653;671579,73;GLP-1
201907;305;342;341399,6;GLP-1
201907;306;541;544788,66;GLP-1
201907;307;571;524897,72;GLP-1
201907;308;603;551729,37;GLP-1
201907;309;323;295977,04;GLP-1
201907;310;241;234858,46;GLP-1
201907;311;444;419673,9;GLP-1
201907;312;842;837306,87;GLP-1
201907;313;482;457026,51;GLP-1
201907;314;439;430886,19;GLP-1
201907;315;546;505657,27;GLP-1
201907;401;370;376147,01;GLP-1
201907;402;732;749849,14;GLP-1
201907;403;162;173590,77;GLP-1
201907;404;919;889800,31;GLP-1
201907;405;649;663102,65;GLP-1
201907;406;721;688492,75;GLP-1
201907;407;684;673326,18;GLP-1
201907;408;717;680066,31;GLP-1
201907;409;241;229719,68;GLP-1
201907;410;443;419616,39;GLP-1
201907;411;656;628617,81;GLP-1
201907;412;468;464868,8;GLP-1
201907;501;411;390257,76;GLP-1
201907;502;222;219659,77;GLP-1
201907;503;451;407120,88;GLP-1
201907;504;411;402069,06;GLP-1
201907;505;239;231633;GLP-1
201907;506;430;408194,33;GLP-1
201907;507;377;360970,18;GLP-1
201907;508;325;309770,97;GLP-1
201907;601;381;373963,18;GLP-1
201908;101;426;413794,72;GLP-1
201908;102;1002;953834,82;GLP-1
201908;103;277;272625,23;GLP-1
201908;104;394;383679,46;GLP-1
201908;105;548;540935,81;GLP-1
201908;106;1204;1182897,67;GLP-1
201908;107;489;483208,25;GLP-1
201908;108;224;217500,19;GLP-1
201908;109;442;441163,22;GLP-1
201908;110;370;371037,49;GLP-1
201908;111;552;523692,55;GLP-1
201908;112;323;312304,78;GLP-1
201908;113;660;642502,52;GLP-1
201908;114;786;746248,34;GLP-1
201908;115;728;743691,15;GLP-1
201908;116;748;714830,65;GLP-1
201908;201;906;847218,46;GLP-1
201908;202;658;620696,61;GLP-1
201908;203;1339;1254013,43;GLP-1
201908;204;685;625611,68;GLP-1
201908;205;593;557497,98;GLP-1
201908;206;648;610992,13;GLP-1
201908;207;673;643489,22;GLP-1
201908;208;487;472993,2;GLP-1
201908;209;542;507294,23;GLP-1
201908;301;348;329959,82;GLP-1
201908;302;488;462706,63;GLP-1
201908;303;472;454678,51;GLP-1
201908;304;683;658711,39;GLP-1
201908;305;235;229011,12;GLP-1
201908;306;507;498984,62;GLP-1
201908;307;425;384040,81;GLP-1
201908;308;544;485240,83;GLP-1
201908;309;303;273285,17;GLP-1
201908;310;210;191495,77;GLP-1
201908;311;429;389656,34;GLP-1
201908;312;759;758254,27;GLP-1
201908;313;497;455383,47;GLP-1
201908;314;439;409319,27;GLP-1
201908;315;522;476919,74;GLP-1
201908;401;346;343406,69;GLP-1
201908;402;664;619304,98;GLP-1
201908;403;204;205430,09;GLP-1
201908;404;869;834926,27;GLP-1
201908;405;579;538737,36;GLP-1
201908;406;681;624974,79;GLP-1
201908;407;627;587720,52;GLP-1
201908;408;640;602870,62;GLP-1
201908;409;318;288470,84;GLP-1
201908;410;395;370215,12;GLP-1
201908;411;672;597730,14;GLP-1
201908;412;495;476279,08;GLP-1
201908;501;465;430958,9;GLP-1
201908;502;214;199780,17;GLP-1
201908;503;486;440239,91;GLP-1
201908;504;379;356836,4;GLP-1
201908;505;237;210282,76;GLP-1
201908;506;471;440607,76;GLP-1
201908;507;355;332844,24;GLP-1
201908;508;311;287123,29;GLP-1
201908;601;555;515366,68;GLP-1
201909;101;351;322075,65;GLP-1
201909;102;870;833400,67;GLP-1
201909;103;264;275572,96;GLP-1
201909;104;435;462091,36;GLP-1
201909;105;423;421183,38;GLP-1
201909;106;1032;1025373,83;GLP-1
201909;107;336;323692;GLP-1
201909;108;217;218961,76;GLP-1
201909;109;374;336618,41;GLP-1
201909;110;298;289526,62;GLP-1
201909;111;548;508582,02;GLP-1
201909;112;318;307028,97;GLP-1
201909;113;601;555206,49;GLP-1
201909;114;770;728456,38;GLP-1
201909;115;810;853968,15;GLP-1
201909;116;784;746587,52;GLP-1
201909;201;769;722409,15;GLP-1
201909;202;598;576198,93;GLP-1
201909;203;1256;1187426,51;GLP-1
201909;204;675;637327,07;GLP-1
201909;205;453;430019,23;GLP-1
201909;206;674;625286,38;GLP-1
201909;207;629;600845,84;GLP-1
201909;208;425;412540,41;GLP-1
201909;209;450;414935,44;GLP-1
201909;301;338;322330,22;GLP-1
201909;302;486;469270,68;GLP-1
201909;303;446;422765,7;GLP-1
201909;304;564;559977,79;GLP-1
201909;305;236;220766,37;GLP-1
201909;306;441;425125,98;GLP-1
201909;307;456;420706,33;GLP-1
201909;308;517;462437,7;GLP-1
201909;309;303;272979,71;GLP-1
201909;310;202;183953,82;GLP-1
201909;311;373;335310,51;GLP-1
201909;312;720;704417,68;GLP-1
201909;313;441;416394,6;GLP-1
201909;314;382;377353,52;GLP-1
201909;315;472;458313,2;GLP-1
201909;401;350;353520,89;GLP-1
201909;402;630;619307,19;GLP-1
201909;403;205;223057,19;GLP-1
201909;404;839;791674,92;GLP-1
201909;405;585;568826,03;GLP-1
201909;406;669;613596,04;GLP-1
201909;407;528;498075,99;GLP-1
201909;408;627;579331,16;GLP-1
201909;409;245;228417,1;GLP-1
201909;410;414;391870,91;GLP-1
201909;411;539;501800,1;GLP-1
201909;412;440;427171,38;GLP-1
201909;501;418;411138,5;GLP-1
201909;502;208;201308,17;GLP-1
201909;503;441;398389,58;GLP-1
201909;504;350;334601,47;GLP-1
201909;505;179;164072,82;GLP-1
201909;506;388;377998,4;GLP-1
201909;507;298;284877,64;GLP-1
201909;508;246;223461,89;GLP-1
201909;601;381;373713,43;GLP-1
201911;101;416;381351,33;GLP-1
201911;102;882;815969,67;GLP-1
201911;103;277;279001,35;GLP-1
201911;104;342;320585,16;GLP-1
201911;105;530;529398,48;GLP-1
201911;106;1241;1173187,8;GLP-1
201911;107;508;474086,62;GLP-1
201911;108;249;239043,66;GLP-1
201911;109;411;404316,37;GLP-1
201911;110;440;418580,05;GLP-1
201911;111;585;534442,86;GLP-1
201911;112;330;313874,98;GLP-1
201911;113;631;599245,16;GLP-1
201911;114;799;746075,86;GLP-1
201911;115;769;805972,95;GLP-1
201911;116;922;847528,23;GLP-1
201911;201;859;787984,62;GLP-1
201911;202;718;647961,79;GLP-1
201911;203;1243;1123958,81;GLP-1
201911;204;755;680492,61;GLP-1
201911;205;510;459713,96;GLP-1
201911;206;709;654430,55;GLP-1
201911;207;719;658911,49;GLP-1
201911;208;489;461797,09;GLP-1
201911;209;549;485261,03;GLP-1
201911;301;324;308944,26;GLP-1
201911;302;554;523566,41;GLP-1
201911;303;479;445822,09;GLP-1
201911;304;787;806898,4;GLP-1
201911;305;254;226610,05;GLP-1
201911;306;494;454387,24;GLP-1
201911;307;508;447613,14;GLP-1
201911;308;515;449032,68;GLP-1
201911;309;315;281507,38;GLP-1
201911;310;256;232106,56;GLP-1
201911;311;396;348689,71;GLP-1
201911;312;789;742696,21;GLP-1
201911;313;479;441993,5;GLP-1
201911;314;393;350422,47;GLP-1
201911;315;521;480399,13;GLP-1
201911;401;328;312292,27;GLP-1
201911;402;699;660849,09;GLP-1
201911;403;220;212483,32;GLP-1
201911;404;854;787056,19;GLP-1
201911;405;657;630984,99;GLP-1
201911;406;732;649328,52;GLP-1
201911;407;572;523027,62;GLP-1
201911;408;664;602585,16;GLP-1
201911;409;280;244308,76;GLP-1
201911;410;441;410799,15;GLP-1
201911;411;671;620969,81;GLP-1
201911;412;443;409777,73;GLP-1
201911;501;493;440486,26;GLP-1
201911;502;324;343980,11;GLP-1
201911;503;447;398469,73;GLP-1
201911;504;395;363364,75;GLP-1
201911;505;224;213664,26;GLP-1
201911;506;434;417942,58;GLP-1
201911;507;296;276850,06;GLP-1
201911;508;296;258230,21;GLP-1
201911;601;489;449262,58;GLP-1
201912;101;506;460149,61;GLP-1
201912;102;1203;1116628,15;GLP-1
201912;103;352;358497,97;GLP-1
201912;104;527;481462,47;GLP-1
201912;105;608;584518,06;GLP-1
201912;106;1589;1482985,84;GLP-1
201912;107;529;501570,48;GLP-1
201912;108;292;276033,55;GLP-1
201912;109;485;453120,44;GLP-1
201912;110;461;433814,45;GLP-1
201912;111;718;645349,07;GLP-1
201912;112;387;358235,26;GLP-1
201912;113;760;701438,47;GLP-1
201912;114;844;793652,46;GLP-1
201912;115;1100;1258358,25;GLP-1
201912;116;956;869177;GLP-1
201912;201;999;885114,09;GLP-1
201912;202;842;781960,99;GLP-1
201912;203;1508;1371387,88;GLP-1
201912;204;810;738738,66;GLP-1
201912;205;775;708946,67;GLP-1
201912;206;926;843202,66;GLP-1
201912;207;785;714968,46;GLP-1
201912;208;630;608065,62;GLP-1
201912;209;640;575672,38;GLP-1
201912;301;414;388873,92;GLP-1
201912;302;625;584479;GLP-1
201912;303;541;482483,63;GLP-1
201912;304;1003;989079,6;GLP-1
201912;305;356;342451,3;GLP-1
201912;306;559;535986,83;GLP-1
201912;307;634;562820;GLP-1
201912;308;628;557252,37;GLP-1
201912;309;345;299848,18;GLP-1
201912;310;285;257771,55;GLP-1
201912;311;505;446351,16;GLP-1
201912;312;976;939414;GLP-1
201912;313;624;562464,73;GLP-1
201912;314;642;586892,82;GLP-1
201912;315;663;607796,64;GLP-1
201912;401;479;473118,32;GLP-1
201912;402;835;774772,68;GLP-1
201912;403;221;221404,98;GLP-1
201912;404;1209;1119213,02;GLP-1
201912;405;801;762999,27;GLP-1
201912;406;930;845534,49;GLP-1
201912;407;870;792009,12;GLP-1
201912;408;764;702289,39;GLP-1
201912;409;350;323889,76;GLP-1
201912;410;614;569465,35;GLP-1
201912;411;841;756536,09;GLP-1
201912;412;594;553523,29;GLP-1
201912;501;461;408621,07;GLP-1
201912;502;236;215869,76;GLP-1
201912;503;562;491657,66;GLP-1
201912;504;410;383446;GLP-1
201912;505;228;210693,12;GLP-1
201912;506;510;478665,84;GLP-1
201912;507;424;383701,23;GLP-1
201912;508;389;342514,92;GLP-1
201912;601;447;411120,32;GLP-1
202001;101;407;382485,49;GLP-1
202001;102;833;776098,86;GLP-1
202001;103;235;228169,7;GLP-1
202001;104;435;412193,88;GLP-1
202001;105;558;556054,1;GLP-1
202001;106;1223;1173659,03;GLP-1
202001;107;470;438637,54;GLP-1
202001;108;237;230759,61;GLP-1
202001;109;404;389162,08;GLP-1
202001;110;399;378140,67;GLP-1
202001;111;585;534568,12;GLP-1
202001;112;341;318818,22;GLP-1
202001;113;614;559425,24;GLP-1
202001;114;764;699318,99;GLP-1
202001;115;1190;1375309,42;GLP-1
202001;116;999;921518,67;GLP-1
202001;201;891;813731,32;GLP-1
202001;202;764;703040,43;GLP-1
202001;203;1400;1281134,25;GLP-1
202001;204;650;605609,38;GLP-1
202001;205;567;525245,26;GLP-1
202001;206;760;695309,69;GLP-1
202001;207;724;673941,81;GLP-1
202001;208;508;470285,33;GLP-1
202001;209;539;494532,94;GLP-1
202001;301;401;363231,6;GLP-1
202001;302;491;453563,44;GLP-1
202001;303;501;476963,68;GLP-1
202001;304;763;706824,17;GLP-1
202001;305;305;284514,09;GLP-1
202001;306;465;446059,49;GLP-1
202001;307;524;456520,26;GLP-1
202001;308;627;565456,92;GLP-1
202001;309;375;331698,51;GLP-1
202001;310;222;200058,79;GLP-1
202001;311;398;360776,51;GLP-1
202001;312;831;782206,75;GLP-1
202001;313;411;378640,38;GLP-1
202001;314;482;441283,74;GLP-1
202001;315;582;534745,53;GLP-1
202001;401;389;370126,52;GLP-1
202001;402;734;703710,84;GLP-1
202001;403;227;265971,92;GLP-1
202001;404;903;831259,35;GLP-1
202001;405;632;573027,72;GLP-1
202001;406;803;720399,36;GLP-1
202001;407;591;547740,44;GLP-1
202001;408;683;616952,08;GLP-1
202001;409;243;214434,76;GLP-1
202001;410;441;400988,28;GLP-1
202001;411;657;592114,89;GLP-1
202001;412;535;519924,77;GLP-1
202001;501;442;406547,47;GLP-1
202001;502;218;202658,7;GLP-1
202001;503;519;453675,24;GLP-1
202001;504;364;344861,86;GLP-1
202001;505;240;219313,19;GLP-1
202001;506;405;361891,62;GLP-1
202001;507;332;309010,09;GLP-1
202001;508;300;269895,32;GLP-1
202001;601;504;468544,97;GLP-1
202002;101;453;412388,98;GLP-1
202002;102;1056;933036,18;GLP-1
202002;103;310;303679,1;GLP-1
202002;104;422;378860,45;GLP-1
202002;105;543;497976,65;GLP-1
202002;106;1284;1199660,51;GLP-1
202002;107;413;380959,82;GLP-1
202002;108;296;267665,19;GLP-1
202002;109;397;370438,45;GLP-1
202002;110;468;427010,8;GLP-1
202002;111;590;545503,55;GLP-1
202002;112;403;389114,32;GLP-1
202002;113;665;619680,47;GLP-1
202002;114;923;843640,94;GLP-1
202002;115;800;791495,21;GLP-1
202002;116;948;854209,45;GLP-1
202002;201;1122;1000859,59;GLP-1
202002;202;819;730704,09;GLP-1
202002;203;1291;1169590,79;GLP-1
202002;204;772;697104,89;GLP-1
202002;205;630;568972,24;GLP-1
202002;206;795;712483,75;GLP-1
202002;207;788;712370,69;GLP-1
202002;208;522;490796,04;GLP-1
202002;209;558;488385,34;GLP-1
202002;301;434;396547,45;GLP-1
202002;302;615;554023,18;GLP-1
202002;303;481;438732,47;GLP-1
202002;304;792;757179,05;GLP-1
202002;305;350;344815,18;GLP-1
202002;306;574;544110,05;GLP-1
202002;307;548;484792,89;GLP-1
202002;308;586;520650,25;GLP-1
202002;309;323;275798,67;GLP-1
202002;310;274;238206,66;GLP-1
202002;311;391;338067,37;GLP-1
202002;312;858;788572,58;GLP-1
202002;313;492;447784;GLP-1
202002;314;531;475494,53;GLP-1
202002;315;601;532351,87;GLP-1
202002;401;400;367047,32;GLP-1
202002;402;721;669757,03;GLP-1
202002;403;151;144062,91;GLP-1
202002;404;886;810477,67;GLP-1
202002;405;593;554518,42;GLP-1
202002;406;789;698695,63;GLP-1
202002;407;637;568771,16;GLP-1
202002;408;675;604185,01;GLP-1
202002;409;247;223312,78;GLP-1
202002;410;408;372626,97;GLP-1
202002;411;636;561636,3;GLP-1
202002;412;486;445803,63;GLP-1
202002;501;444;395001,45;GLP-1
202002;502;244;264938,27;GLP-1
202002;503;550;479857,62;GLP-1
202002;504;398;367182,01;GLP-1
202002;505;257;239801,14;GLP-1
202002;506;428;384274,1;GLP-1
202002;507;314;278161,05;GLP-1
202002;508;312;267958,76;GLP-1
202002;601;436;400134,64;GLP-1
202003;101;450;364733,88;GLP-1
202003;102;1089;869944,08;GLP-1
202003;103;292;257133,67;GLP-1
202003;104;488;408544,78;GLP-1
202003;105;585;499043,5;GLP-1
202003;106;1368;1127096,38;GLP-1
202003;107;555;455193,82;GLP-1
202003;108;350;280620,69;GLP-1
202003;109;495;414248,37;GLP-1
202003;110;414;356393,26;GLP-1
202003;111;677;571835,63;GLP-1
202003;112;416;351579,26;GLP-1
202003;113;757;639702,87;GLP-1
202003;114;905;772654,37;GLP-1
202003;115;945;830426,12;GLP-1
202003;116;980;789789,27;GLP-1
202003;201;1124;884865,47;GLP-1
202003;202;844;676643,52;GLP-1
202003;203;1493;1200839,96;GLP-1
202003;204;860;683731,55;GLP-1
202003;205;743;587160,54;GLP-1
202003;206;893;719981,66;GLP-1
202003;207;856;682592,08;GLP-1
202003;208;578;491399,03;GLP-1
202003;209;560;438619,9;GLP-1
202003;301;413;328514,45;GLP-1
202003;302;634;517356,67;GLP-1
202003;303;569;450936,66;GLP-1
202003;304;754;640150,07;GLP-1
202003;305;348;285715,5;GLP-1
202003;306;610;510933,8;GLP-1
202003;307;500;382556,74;GLP-1
202003;308;616;479352,73;GLP-1
202003;309;356;267525,98;GLP-1
202003;310;267;228288,87;GLP-1
202003;311;470;380910,35;GLP-1
202003;312;882;777425,53;GLP-1
202003;313;544;442221,35;GLP-1
202003;314;552;436917,97;GLP-1
202003;315;669;545104,17;GLP-1
202003;401;441;371861,27;GLP-1
202003;402;759;646020,75;GLP-1
202003;403;221;222358,15;GLP-1
202003;404;1133;949490,89;GLP-1
202003;405;709;596092,52;GLP-1
202003;406;856;700250,31;GLP-1
202003;407;724;578932,59;GLP-1
202003;408;787;631959,03;GLP-1
202003;409;295;235109,66;GLP-1
202003;410;554;444765,94;GLP-1
202003;411;780;627004,06;GLP-1
202003;412;601;497143,18;GLP-1
202003;501;492;409500,99;GLP-1
202003;502;228;219725,69;GLP-1
202003;503;590;468266,84;GLP-1
202003;504;378;332172,24;GLP-1
202003;505;243;204198,48;GLP-1
202003;506;532;449777,09;GLP-1
202003;507;372;313767,02;GLP-1
202003;508;358;289332,32;GLP-1
202003;601;551;460727,47;GLP-1
202004;101;394;291956,43;GLP-1
202004;102;835;605280,33;GLP-1
202004;103;208;172459,47;GLP-1
202004;104;306;225169,43;GLP-1
202004;105;399;300339,11;GLP-1
202004;106;1172;868819,97;GLP-1
202004;107;376;283974,16;GLP-1
202004;108;213;164899,83;GLP-1
202004;109;373;279986,57;GLP-1
202004;110;352;265431,19;GLP-1
202004;111;503;407327,07;GLP-1
202004;112;255;203991,29;GLP-1
202004;113;560;432857,13;GLP-1
202004;114;719;559159,44;GLP-1
202004;115;763;640032,92;GLP-1
202004;116;698;498061,62;GLP-1
202004;201;777;540843,64;GLP-1
202004;202;716;515234,58;GLP-1
202004;203;1305;978421,59;GLP-1
202004;204;615;435834,78;GLP-1
202004;205;523;377278,37;GLP-1
202004;206;669;463993,8;GLP-1
202004;207;638;456760,86;GLP-1
202004;208;489;385811,64;GLP-1
202004;209;459;314168,63;GLP-1
202004;301;340;268308,5;GLP-1
202004;302;484;371086,66;GLP-1
202004;303;473;348817,48;GLP-1
202004;304;613;482510,26;GLP-1
202004;305;229;180283,73;GLP-1
202004;306;477;367994,14;GLP-1
202004;307;453;329933,72;GLP-1
202004;308;463;330933,69;GLP-1
202004;309;236;170660,59;GLP-1
202004;310;234;179990,57;GLP-1
202004;311;354;258700,43;GLP-1
202004;312;768;597072,82;GLP-1
202004;313;474;349193,74;GLP-1
202004;314;428;301468,13;GLP-1
202004;315;537;391588,25;GLP-1
202004;401;387;293612,79;GLP-1
202004;402;693;567739,25;GLP-1
202004;403;120;121534,95;GLP-1
202004;404;820;651556,43;GLP-1
202004;405;609;485492,68;GLP-1
202004;406;724;549282,39;GLP-1
202004;407;666;491249,64;GLP-1
202004;408;679;508708,9;GLP-1
202004;409;245;193767,25;GLP-1
202004;410;483;383451,9;GLP-1
202004;411;619;473807,12;GLP-1
202004;412;410;318188,55;GLP-1
202004;501;380;303818,98;GLP-1
202004;502;169;129633,31;GLP-1
202004;503;419;302864,12;GLP-1
202004;504;290;272407,84;GLP-1
202004;505;262;218081,39;GLP-1
202004;506;443;381003,18;GLP-1
202004;507;331;282760,13;GLP-1
202004;508;236;192426,37;GLP-1
202004;601;353;302135,52;GLP-1
202005;101;504;380819,53;GLP-1
202005;102;938;677716,2;GLP-1
202005;103;265;207747,27;GLP-1
202005;104;423;303524,46;GLP-1
202005;105;508;396074,62;GLP-1
202005;106;1260;942461,35;GLP-1
202005;107;478;384688,81;GLP-1
202005;108;309;232586,03;GLP-1
202005;109;498;386926,03;GLP-1
202005;110;389;299106,99;GLP-1
202005;111;736;558743,1;GLP-1
202005;112;329;258297,33;GLP-1
202005;113;650;507610,64;GLP-1
202005;114;885;698940,53;GLP-1
202005;115;1145;1126392,02;GLP-1
202005;116;944;709620,6;GLP-1
202005;201;1000;735049,18;GLP-1
202005;202;757;567353,13;GLP-1
202005;203;1394;1046413,5;GLP-1
202005;204;705;514932,52;GLP-1
202005;205;642;462065,65;GLP-1
202005;206;800;590576,03;GLP-1
202005;207;775;591249,99;GLP-1
202005;208;631;509005,36;GLP-1
202005;209;615;470140,22;GLP-1
202005;301;486;383147,62;GLP-1
202005;302;647;495453,08;GLP-1
202005;303;486;367944,55;GLP-1
202005;304;861;678885,51;GLP-1
202005;305;313;243924,02;GLP-1
202005;306;548;420461,45;GLP-1
202005;307;602;437684,53;GLP-1
202005;308;613;445822,42;GLP-1
202005;309;346;263447,6;GLP-1
202005;310;313;235078,42;GLP-1
202005;311;454;358836,96;GLP-1
202005;312;819;623467,61;GLP-1
202005;313;547;418273,99;GLP-1
202005;314;534;382727,14;GLP-1
202005;315;579;430163,81;GLP-1
202005;401;383;295710,78;GLP-1
202005;402;688;573897,23;GLP-1
202005;403;179;140060,38;GLP-1
202005;404;953;746087,94;GLP-1
202005;405;645;512400,76;GLP-1
202005;406;881;677686,33;GLP-1
202005;407;810;579475,69;GLP-1
202005;408;692;514537,05;GLP-1
202005;409;306;235466,49;GLP-1
202005;410;493;374206,67;GLP-1
202005;411;784;593850,63;GLP-1
202005;412;621;489786,72;GLP-1
202005;501;433;344859,81;GLP-1
202005;502;225;188242,59;GLP-1
202005;503;462;342399;GLP-1
202005;504;306;276307,51;GLP-1
202005;505;237;195617,66;GLP-1
202005;506;419;339469,89;GLP-1
202005;507;305;237058,55;GLP-1
202005;508;278;214544,82;GLP-1
202005;601;586;456492,7;GLP-1
202006;101;511;379739,28;GLP-1
202006;102;959;695952,07;GLP-1
202006;103;319;271123,89;GLP-1
202006;104;470;352609,45;GLP-1
202006;105;492;400314,69;GLP-1
202006;106;1372;1029512,18;GLP-1
202006;107;499;397428,59;GLP-1
202006;108;276;203290,91;GLP-1
202006;109;460;358038,67;GLP-1
202006;110;514;390767,19;GLP-1
202006;111;620;476379,34;GLP-1
202006;112;407;317013,57;GLP-1
202006;113;633;491232,09;GLP-1
202006;114;868;674056,21;GLP-1
202006;115;974;767604,7;GLP-1
202006;116;959;721144,88;GLP-1
202006;201;1071;781764,99;GLP-1
202006;202;845;621097,84;GLP-1
202006;203;1628;1221621,16;GLP-1
202006;204;743;535353,28;GLP-1
202006;205;633;463778,58;GLP-1
202006;206;915;662001,89;GLP-1
202006;207;870;645882,64;GLP-1
202006;208;647;505955,39;GLP-1
202006;209;545;390830,24;GLP-1
202006;301;399;315535,51;GLP-1
202006;302;678;517022,73;GLP-1
202006;303;513;381732,78;GLP-1
202006;304;913;688185,47;GLP-1
202006;305;344;259612,14;GLP-1
202006;306;617;477471,34;GLP-1
202006;307;586;425518,58;GLP-1
202006;308;601;426490,62;GLP-1
202006;309;327;235734,29;GLP-1
202006;310;258;197149,68;GLP-1
202006;311;460;344760,28;GLP-1
202006;312;988;740385,55;GLP-1
202006;313;570;418741,74;GLP-1
202006;314;615;446694,33;GLP-1
202006;315;593;439679,91;GLP-1
202006;401;487;390304,43;GLP-1
202006;402;700;556625,51;GLP-1
202006;403;227;204302,6;GLP-1
202006;404;1200;948489,99;GLP-1
202006;405;755;588049,57;GLP-1
202006;406;856;643205,97;GLP-1
202006;407;834;598792,74;GLP-1
202006;408;747;563150,15;GLP-1
202006;409;279;215818,62;GLP-1
202006;410;436;345161,31;GLP-1
202006;411;703;543127,07;GLP-1
202006;412;590;462885,59;GLP-1
202006;501;442;364358,99;GLP-1
202006;502;210;192276,23;GLP-1
202006;503;486;366891,95;GLP-1
202006;504;383;337439,39;GLP-1
202006;505;185;165363,74;GLP-1
202006;506;432;364427,69;GLP-1
202006;507;342;269583,51;GLP-1
202006;508;328;259445,35;GLP-1
202006;601;321;232256,36;GLP-1
201907;101;420;194043,37;New generation insulin in basal
201907;102;1107;462917,56;New generation insulin in basal
201907;103;526;217975,89;New generation insulin in basal
201907;104;527;218111,55;New generation insulin in basal
201907;105;567;234985,84;New generation insulin in basal
201907;106;1198;507891,46;New generation insulin in basal
201907;107;578;236992,02;New generation insulin in basal
201907;108;331;138011,14;New generation insulin in basal
201907;109;387;166105,81;New generation insulin in basal
201907;110;465;207440,4;New generation insulin in basal
201907;111;604;245556,43;New generation insulin in basal
201907;112;472;190214,59;New generation insulin in basal
201907;113;801;313348,19;New generation insulin in basal
201907;114;962;370805,29;New generation insulin in basal
201907;115;1085;459995,69;New generation insulin in basal
201907;116;879;369414,51;New generation insulin in basal
201907;201;1094;442111,1;New generation insulin in basal
201907;202;797;321818,67;New generation insulin in basal
201907;203;1093;457751,58;New generation insulin in basal
201907;204;758;313927;New generation insulin in basal
201907;205;730;311148,8;New generation insulin in basal
201907;206;905;364670,89;New generation insulin in basal
201907;207;782;317296,01;New generation insulin in basal
201907;208;664;276326,55;New generation insulin in basal
201907;209;628;272596,04;New generation insulin in basal
201907;301;582;223436,59;New generation insulin in basal
201907;302;616;248191,7;New generation insulin in basal
201907;303;543;214200,4;New generation insulin in basal
201907;304;902;365118,89;New generation insulin in basal
201907;305;441;177072,99;New generation insulin in basal
201907;306;635;260833,77;New generation insulin in basal
201907;307;694;293279,24;New generation insulin in basal
201907;308;670;276967,38;New generation insulin in basal
201907;309;327;135743,82;New generation insulin in basal
201907;310;467;191229,03;New generation insulin in basal
201907;311;615;259740,78;New generation insulin in basal
201907;312;1184;491701,77;New generation insulin in basal
201907;313;733;285248,65;New generation insulin in basal
201907;314;835;333377,06;New generation insulin in basal
201907;315;776;326748,57;New generation insulin in basal
201907;401;388;160500,83;New generation insulin in basal
201907;402;533;217571,53;New generation insulin in basal
201907;403;342;137006,14;New generation insulin in basal
201907;404;1111;446780,86;New generation insulin in basal
201907;405;985;383259,25;New generation insulin in basal
201907;406;1134;467926,9;New generation insulin in basal
201907;407;676;293645,5;New generation insulin in basal
201907;408;691;286454,71;New generation insulin in basal
201907;409;432;173187,54;New generation insulin in basal
201907;410;528;210452,73;New generation insulin in basal
201907;411;1091;430841,49;New generation insulin in basal
201907;412;743;308726,16;New generation insulin in basal
201907;501;773;301521,67;New generation insulin in basal
201907;502;561;220047,39;New generation insulin in basal
201907;503;757;293466,12;New generation insulin in basal
201907;504;577;229314,83;New generation insulin in basal
201907;505;424;165989,69;New generation insulin in basal
201907;506;680;269281,45;New generation insulin in basal
201907;507;727;293964,39;New generation insulin in basal
201907;508;633;247212,55;New generation insulin in basal
201907;601;259;127660,03;New generation insulin in basal
201908;101;319;150787,82;New generation insulin in basal
201908;102;930;408337,87;New generation insulin in basal
201908;103;383;157822,07;New generation insulin in basal
201908;104;426;180453,68;New generation insulin in basal
201908;105;491;206840,47;New generation insulin in basal
201908;106;1164;510718,46;New generation insulin in basal
201908;107;559;230463,08;New generation insulin in basal
201908;108;223;99074,65;New generation insulin in basal
201908;109;371;172517,53;New generation insulin in basal
201908;110;498;242896,18;New generation insulin in basal
201908;111;579;242693,21;New generation insulin in basal
201908;112;449;185982,43;New generation insulin in basal
201908;113;750;296190,18;New generation insulin in basal
201908;114;937;381675,52;New generation insulin in basal
201908;115;1161;497475,51;New generation insulin in basal
201908;116;731;317898,99;New generation insulin in basal
201908;201;961;393715,31;New generation insulin in basal
201908;202;784;318415,42;New generation insulin in basal
201908;203;1025;435976,56;New generation insulin in basal
201908;204;660;280468,54;New generation insulin in basal
201908;205;690;292163,25;New generation insulin in basal
201908;206;779;317913,36;New generation insulin in basal
201908;207;597;252385,24;New generation insulin in basal
201908;208;592;259910,19;New generation insulin in basal
201908;209;591;258017,02;New generation insulin in basal
201908;301;502;204540,93;New generation insulin in basal
201908;302;594;236757,45;New generation insulin in basal
201908;303;505;204911,79;New generation insulin in basal
201908;304;767;322733,87;New generation insulin in basal
201908;305;378;148869,09;New generation insulin in basal
201908;306;567;241832,09;New generation insulin in basal
201908;307;702;304318,86;New generation insulin in basal
201908;308;569;241727,7;New generation insulin in basal
201908;309;331;134408,6;New generation insulin in basal
201908;310;498;219986,69;New generation insulin in basal
201908;311;589;257467,56;New generation insulin in basal
201908;312;1132;473133,99;New generation insulin in basal
201908;313;755;304634,36;New generation insulin in basal
201908;314;763;308459,54;New generation insulin in basal
201908;315;732;313067,03;New generation insulin in basal
201908;401;334;149749,1;New generation insulin in basal
201908;402;649;273701,25;New generation insulin in basal
201908;403;312;126305,95;New generation insulin in basal
201908;404;980;402578,82;New generation insulin in basal
201908;405;892;357326,26;New generation insulin in basal
201908;406;1088;469567,24;New generation insulin in basal
201908;407;646;291049,01;New generation insulin in basal
201908;408;682;289995,68;New generation insulin in basal
201908;409;392;156562,46;New generation insulin in basal
201908;410;412;164413,77;New generation insulin in basal
201908;411;1094;437558,14;New generation insulin in basal
201908;412;653;285341,25;New generation insulin in basal
201908;501;724;282755,96;New generation insulin in basal
201908;502;508;202708,25;New generation insulin in basal
201908;503;668;267746,38;New generation insulin in basal
201908;504;523;211392,21;New generation insulin in basal
201908;505;346;140659,08;New generation insulin in basal
201908;506;669;265782,18;New generation insulin in basal
201908;507;726;299732,16;New generation insulin in basal
201908;508;601;234689,75;New generation insulin in basal
201908;601;342;171979,3;New generation insulin in basal
201909;101;315;134926,68;New generation insulin in basal
201909;102;808;346381,76;New generation insulin in basal
201909;103;385;170355,07;New generation insulin in basal
201909;104;428;177551,4;New generation insulin in basal
201909;105;498;204704,7;New generation insulin in basal
201909;106;1034;446686,1;New generation insulin in basal
201909;107;511;208092,07;New generation insulin in basal
201909;108;309;132332,52;New generation insulin in basal
201909;109;405;177119,04;New generation insulin in basal
201909;110;474;218527;New generation insulin in basal
201909;111;552;231543,96;New generation insulin in basal
201909;112;359;146505,73;New generation insulin in basal
201909;113;702;282271,67;New generation insulin in basal
201909;114;909;366414,46;New generation insulin in basal
201909;115;897;390318,59;New generation insulin in basal
201909;116;728;313520,76;New generation insulin in basal
201909;201;859;356125,58;New generation insulin in basal
201909;202;711;286595,8;New generation insulin in basal
201909;203;914;386044,13;New generation insulin in basal
201909;204;694;283434,77;New generation insulin in basal
201909;205;559;228890,33;New generation insulin in basal
201909;206;775;313544,74;New generation insulin in basal
201909;207;589;238422,91;New generation insulin in basal
201909;208;542;228629,56;New generation insulin in basal
201909;209;673;288069,13;New generation insulin in basal
201909;301;475;189202,77;New generation insulin in basal
201909;302;507;198585,04;New generation insulin in basal
201909;303;478;192384,07;New generation insulin in basal
201909;304;755;311928,03;New generation insulin in basal
201909;305;384;157122,07;New generation insulin in basal
201909;306;473;196245,7;New generation insulin in basal
201909;307;647;275734,63;New generation insulin in basal
201909;308;563;231729,01;New generation insulin in basal
201909;309;295;124397,29;New generation insulin in basal
201909;310;377;156977,61;New generation insulin in basal
201909;311;502;206870,13;New generation insulin in basal
201909;312;975;400902,36;New generation insulin in basal
201909;313;766;306057,02;New generation insulin in basal
201909;314;685;264940,12;New generation insulin in basal
201909;315;761;317519,28;New generation insulin in basal
201909;401;344;147253,25;New generation insulin in basal
201909;402;600;235128,13;New generation insulin in basal
201909;403;364;144164,15;New generation insulin in basal
201909;404;942;376784,6;New generation insulin in basal
201909;405;903;360789,71;New generation insulin in basal
201909;406;923;380374,78;New generation insulin in basal
201909;407;599;255395,4;New generation insulin in basal
201909;408;646;268684,73;New generation insulin in basal
201909;409;349;135885,93;New generation insulin in basal
201909;410;432;172719,09;New generation insulin in basal
201909;411;981;386357,84;New generation insulin in basal
201909;412;565;219256,81;New generation insulin in basal
201909;501;713;283309,27;New generation insulin in basal
201909;502;494;197645,77;New generation insulin in basal
201909;503;614;242938,08;New generation insulin in basal
201909;504;477;184300,14;New generation insulin in basal
201909;505;341;135487,77;New generation insulin in basal
201909;506;569;230526,79;New generation insulin in basal
201909;507;463;190255,58;New generation insulin in basal
201909;508;550;219003,43;New generation insulin in basal
201909;601;323;160463,66;New generation insulin in basal
201911;101;346;155914,58;New generation insulin in basal
201911;102;911;383693,26;New generation insulin in basal
201911;103;405;170479,33;New generation insulin in basal
201911;104;484;202187,59;New generation insulin in basal
201911;105;520;216088,32;New generation insulin in basal
201911;106;1142;488414,18;New generation insulin in basal
201911;107;586;234745,89;New generation insulin in basal
201911;108;236;104157,69;New generation insulin in basal
201911;109;372;161880,55;New generation insulin in basal
201911;110;467;201641,77;New generation insulin in basal
201911;111;525;212568,84;New generation insulin in basal
201911;112;427;167424,24;New generation insulin in basal
201911;113;591;232772,99;New generation insulin in basal
201911;114;854;333428,78;New generation insulin in basal
201911;115;872;361624,37;New generation insulin in basal
201911;116;810;345301,51;New generation insulin in basal
201911;201;939;384765,66;New generation insulin in basal
201911;202;795;313519,72;New generation insulin in basal
201911;203;886;370462,44;New generation insulin in basal
201911;204;636;263136,42;New generation insulin in basal
201911;205;665;277164,38;New generation insulin in basal
201911;206;678;272510,14;New generation insulin in basal
201911;207;661;266539,59;New generation insulin in basal
201911;208;552;227905,48;New generation insulin in basal
201911;209;739;317404,81;New generation insulin in basal
201911;301;550;215843,06;New generation insulin in basal
201911;302;516;206154,97;New generation insulin in basal
201911;303;504;202982,43;New generation insulin in basal
201911;304;854;343623,41;New generation insulin in basal
201911;305;426;167460,36;New generation insulin in basal
201911;306;599;244985,67;New generation insulin in basal
201911;307;716;300304,78;New generation insulin in basal
201911;308;583;241043,02;New generation insulin in basal
201911;309;306;124592,88;New generation insulin in basal
201911;310;460;189388,46;New generation insulin in basal
201911;311;514;218471,42;New generation insulin in basal
201911;312;905;371018,23;New generation insulin in basal
201911;313;708;279327,04;New generation insulin in basal
201911;314;742;293768,06;New generation insulin in basal
201911;315;705;290866,66;New generation insulin in basal
201911;401;365;161013,46;New generation insulin in basal
201911;402;632;251380,67;New generation insulin in basal
201911;403;346;136026,89;New generation insulin in basal
201911;404;918;358889,98;New generation insulin in basal
201911;405;813;315481,46;New generation insulin in basal
201911;406;979;411249,59;New generation insulin in basal
201911;407;580;256653,79;New generation insulin in basal
201911;408;654;265527,12;New generation insulin in basal
201911;409;397;153728,03;New generation insulin in basal
201911;410;379;150378,22;New generation insulin in basal
201911;411;1000;391632,01;New generation insulin in basal
201911;412;574;220688,78;New generation insulin in basal
201911;501;745;283417,72;New generation insulin in basal
201911;502;510;200494,47;New generation insulin in basal
201911;503;645;253226,42;New generation insulin in basal
201911;504;558;220255,65;New generation insulin in basal
201911;505;407;156955,33;New generation insulin in basal
201911;506;643;256598,49;New generation insulin in basal
201911;507;663;260959,25;New generation insulin in basal
201911;508;491;189730,77;New generation insulin in basal
201911;601;345;177745,79;New generation insulin in basal
201912;101;355;159905,94;New generation insulin in basal
201912;102;950;400684,52;New generation insulin in basal
201912;103;494;202310,57;New generation insulin in basal
201912;104;533;227126,53;New generation insulin in basal
201912;105;615;252683,55;New generation insulin in basal
201912;106;1271;538031,19;New generation insulin in basal
201912;107;642;255385,15;New generation insulin in basal
201912;108;319;140353,79;New generation insulin in basal
201912;109;441;184243,23;New generation insulin in basal
201912;110;594;265594,19;New generation insulin in basal
201912;111;756;312522,02;New generation insulin in basal
201912;112;426;175651,49;New generation insulin in basal
201912;113;794;311867,39;New generation insulin in basal
201912;114;924;361165,57;New generation insulin in basal
201912;115;1085;459934,84;New generation insulin in basal
201912;116;867;362844,65;New generation insulin in basal
201912;201;1105;457534,3;New generation insulin in basal
201912;202;798;320217,34;New generation insulin in basal
201912;203;1054;448867,86;New generation insulin in basal
201912;204;773;322550,35;New generation insulin in basal
201912;205;785;322291,73;New generation insulin in basal
201912;206;941;371801,7;New generation insulin in basal
201912;207;652;262729,76;New generation insulin in basal
201912;208;671;282536,74;New generation insulin in basal
201912;209;681;291756,22;New generation insulin in basal
201912;301;536;215873,46;New generation insulin in basal
201912;302;634;245044,08;New generation insulin in basal
201912;303;541;221470,72;New generation insulin in basal
201912;304;960;392163,12;New generation insulin in basal
201912;305;474;184938,05;New generation insulin in basal
201912;306;618;254568,84;New generation insulin in basal
201912;307;799;344360,99;New generation insulin in basal
201912;308;676;286002,14;New generation insulin in basal
201912;309;372;155956,36;New generation insulin in basal
201912;310;521;223801,26;New generation insulin in basal
201912;311;681;297503,75;New generation insulin in basal
201912;312;1320;543788,8;New generation insulin in basal
201912;313;895;358136,12;New generation insulin in basal
201912;314;801;311003,12;New generation insulin in basal
201912;315;854;359227,31;New generation insulin in basal
201912;401;445;189450,52;New generation insulin in basal
201912;402;715;291929,06;New generation insulin in basal
201912;403;369;138038,6;New generation insulin in basal
201912;404;1269;499652,22;New generation insulin in basal
201912;405;1010;387975,64;New generation insulin in basal
201912;406;1210;523327,26;New generation insulin in basal
201912;407;690;295535,3;New generation insulin in basal
201912;408;801;333505,79;New generation insulin in basal
201912;409;483;187035,61;New generation insulin in basal
201912;410;536;218494,81;New generation insulin in basal
201912;411;1248;485711,7;New generation insulin in basal
201912;412;662;263503,82;New generation insulin in basal
201912;501;803;311942,49;New generation insulin in basal
201912;502;616;244113,92;New generation insulin in basal
201912;503;757;296162,32;New generation insulin in basal
201912;504;624;248776,55;New generation insulin in basal
201912;505;373;151662,72;New generation insulin in basal
201912;506;680;268928,72;New generation insulin in basal
201912;507;718;288374,09;New generation insulin in basal
201912;508;677;257567,88;New generation insulin in basal
201912;601;255;118226,51;New generation insulin in basal
202001;101;290;131938,22;New generation insulin in basal
202001;102;901;378583,72;New generation insulin in basal
202001;103;431;178139,81;New generation insulin in basal
202001;104;511;211180,95;New generation insulin in basal
202001;105;542;228654,65;New generation insulin in basal
202001;106;1103;461346,2;New generation insulin in basal
202001;107;479;191010,16;New generation insulin in basal
202001;108;319;130918,41;New generation insulin in basal
202001;109;403;170329,45;New generation insulin in basal
202001;110;484;214675,73;New generation insulin in basal
202001;111;593;238090,65;New generation insulin in basal
202001;112;410;158640,67;New generation insulin in basal
202001;113;675;268228,23;New generation insulin in basal
202001;114;934;360651,69;New generation insulin in basal
202001;115;1101;463452,42;New generation insulin in basal
202001;116;818;342447,73;New generation insulin in basal
202001;201;919;376203,29;New generation insulin in basal
202001;202;783;306849,72;New generation insulin in basal
202001;203;1015;427217,86;New generation insulin in basal
202001;204;656;269739,87;New generation insulin in basal
202001;205;633;258175,96;New generation insulin in basal
202001;206;687;275002,22;New generation insulin in basal
202001;207;617;249207,26;New generation insulin in basal
202001;208;560;228285;New generation insulin in basal
202001;209;572;239404,96;New generation insulin in basal
202001;301;533;216059,65;New generation insulin in basal
202001;302;521;203862,38;New generation insulin in basal
202001;303;495;197726,96;New generation insulin in basal
202001;304;852;337006,66;New generation insulin in basal
202001;305;423;163422,79;New generation insulin in basal
202001;306;575;234822,61;New generation insulin in basal
202001;307;670;278164,03;New generation insulin in basal
202001;308;610;245514,42;New generation insulin in basal
202001;309;343;141996,18;New generation insulin in basal
202001;310;445;185233,49;New generation insulin in basal
202001;311;553;235605,03;New generation insulin in basal
202001;312;1089;448640,28;New generation insulin in basal
202001;313;640;254701,64;New generation insulin in basal
202001;314;722;286142,72;New generation insulin in basal
202001;315;758;312559,58;New generation insulin in basal
202001;401;401;171704,13;New generation insulin in basal
202001;402;652;259711,56;New generation insulin in basal
202001;403;378;137209,2;New generation insulin in basal
202001;404;1029;396176,82;New generation insulin in basal
202001;405;883;342115,41;New generation insulin in basal
202001;406;1120;454655,75;New generation insulin in basal
202001;407;645;278169,69;New generation insulin in basal
202001;408;683;277516,64;New generation insulin in basal
202001;409;435;172131,3;New generation insulin in basal
202001;410;494;201426,96;New generation insulin in basal
202001;411;949;367808,78;New generation insulin in basal
202001;412;662;260519,05;New generation insulin in basal
202001;501;771;292489,46;New generation insulin in basal
202001;502;442;176225,94;New generation insulin in basal
202001;503;645;247628,76;New generation insulin in basal
202001;504;489;193483,26;New generation insulin in basal
202001;505;359;138043,4;New generation insulin in basal
202001;506;586;233626,94;New generation insulin in basal
202001;507;615;249545,13;New generation insulin in basal
202001;508;550;212071,73;New generation insulin in basal
202001;601;354;167243,98;New generation insulin in basal
202002;101;327;148592,33;New generation insulin in basal
202002;102;939;397292,81;New generation insulin in basal
202002;103;527;217110,64;New generation insulin in basal
202002;104;474;195109,69;New generation insulin in basal
202002;105;606;246372,87;New generation insulin in basal
202002;106;1171;502490,76;New generation insulin in basal
202002;107;583;235159,47;New generation insulin in basal
202002;108;360;148928,28;New generation insulin in basal
202002;109;412;177105,5;New generation insulin in basal
202002;110;458;198203,71;New generation insulin in basal
202002;111;561;230103,82;New generation insulin in basal
202002;112;460;186682,56;New generation insulin in basal
202002;113;722;279882,95;New generation insulin in basal
202002;114;925;364001,92;New generation insulin in basal
202002;115;889;365936,91;New generation insulin in basal
202002;116;823;355414,27;New generation insulin in basal
202002;201;1060;435317,19;New generation insulin in basal
202002;202;828;340591,47;New generation insulin in basal
202002;203;1013;428680,47;New generation insulin in basal
202002;204;721;302808,98;New generation insulin in basal
202002;205;628;267542,08;New generation insulin in basal
202002;206;771;314515,43;New generation insulin in basal
202002;207;717;292727,09;New generation insulin in basal
202002;208;630;262383,99;New generation insulin in basal
202002;209;595;251632,51;New generation insulin in basal
202002;301;560;223195,32;New generation insulin in basal
202002;302;586;233960,34;New generation insulin in basal
202002;303;485;200974,79;New generation insulin in basal
202002;304;894;364854,7;New generation insulin in basal
202002;305;439;173182,18;New generation insulin in basal
202002;306;608;252454,8;New generation insulin in basal
202002;307;687;292900,75;New generation insulin in basal
202002;308;623;259863,23;New generation insulin in basal
202002;309;344;144577,96;New generation insulin in basal
202002;310;458;188710,51;New generation insulin in basal
202002;311;583;246539,38;New generation insulin in basal
202002;312;1109;459061,91;New generation insulin in basal
202002;313;666;261209,98;New generation insulin in basal
202002;314;773;308287,45;New generation insulin in basal
202002;315;832;352390,1;New generation insulin in basal
202002;401;365;159785,94;New generation insulin in basal
202002;402;659;260520,62;New generation insulin in basal
202002;403;331;121018,56;New generation insulin in basal
202002;404;1122;438106,73;New generation insulin in basal
202002;405;876;335226,95;New generation insulin in basal
202002;406;1109;463983,15;New generation insulin in basal
202002;407;663;290497,53;New generation insulin in basal
202002;408;693;295561,76;New generation insulin in basal
202002;409;462;178030,41;New generation insulin in basal
202002;410;463;182571,55;New generation insulin in basal
202002;411;1014;400256,02;New generation insulin in basal
202002;412;611;245473,07;New generation insulin in basal
202002;501;800;311642,98;New generation insulin in basal
202002;502;628;242482,23;New generation insulin in basal
202002;503;720;276847,23;New generation insulin in basal
202002;504;518;209779,32;New generation insulin in basal
202002;505;383;150559,6;New generation insulin in basal
202002;506;608;233622,25;New generation insulin in basal
202002;507;649;260600,58;New generation insulin in basal
202002;508;569;218852,75;New generation insulin in basal
202002;601;284;133379,98;New generation insulin in basal
202003;101;362;163488,81;New generation insulin in basal
202003;102;1068;460766,66;New generation insulin in basal
202003;103;471;195582,2;New generation insulin in basal
202003;104;621;257942,86;New generation insulin in basal
202003;105;692;287148;New generation insulin in basal
202003;106;1235;522987,05;New generation insulin in basal
202003;107;586;241489,55;New generation insulin in basal
202003;108;434;186665,62;New generation insulin in basal
202003;109;448;199226,94;New generation insulin in basal
202003;110;579;264681,75;New generation insulin in basal
202003;111;733;298524,79;New generation insulin in basal
202003;112;517;206630,9;New generation insulin in basal
202003;113;900;361627,7;New generation insulin in basal
202003;114;1083;433863,14;New generation insulin in basal
202003;115;1278;541215,91;New generation insulin in basal
202003;116;889;377861,82;New generation insulin in basal
202003;201;1202;502947,37;New generation insulin in basal
202003;202;910;372872,3;New generation insulin in basal
202003;203;1059;451031,78;New generation insulin in basal
202003;204;737;316192,61;New generation insulin in basal
202003;205;864;363758,03;New generation insulin in basal
202003;206;975;398241,95;New generation insulin in basal
202003;207;668;280308,54;New generation insulin in basal
202003;208;675;285667,97;New generation insulin in basal
202003;209;671;299664,14;New generation insulin in basal
202003;301;631;250091,97;New generation insulin in basal
202003;302;674;266657,66;New generation insulin in basal
202003;303;592;243081,38;New generation insulin in basal
202003;304;879;355142,1;New generation insulin in basal
202003;305;460;182301,62;New generation insulin in basal
202003;306;651;275789,21;New generation insulin in basal
202003;307;873;370220,14;New generation insulin in basal
202003;308;739;317733,8;New generation insulin in basal
202003;309;317;130302,32;New generation insulin in basal
202003;310;499;213126,47;New generation insulin in basal
202003;311;602;262234,36;New generation insulin in basal
202003;312;1232;522460,56;New generation insulin in basal
202003;313;834;330843,44;New generation insulin in basal
202003;314;883;356833,56;New generation insulin in basal
202003;315;882;377440,1;New generation insulin in basal
202003;401;436;187279,35;New generation insulin in basal
202003;402;771;311299,85;New generation insulin in basal
202003;403;386;143275,51;New generation insulin in basal
202003;404;1344;528773,06;New generation insulin in basal
202003;405;1029;398975,88;New generation insulin in basal
202003;406;1141;483312,6;New generation insulin in basal
202003;407;735;315647,37;New generation insulin in basal
202003;408;742;309570,59;New generation insulin in basal
202003;409;479;187436,71;New generation insulin in basal
202003;410;576;230960,94;New generation insulin in basal
202003;411;1225;484290,78;New generation insulin in basal
202003;412;755;302807,94;New generation insulin in basal
202003;501;776;303201,68;New generation insulin in basal
202003;502;623;246291,46;New generation insulin in basal
202003;503;829;325993,76;New generation insulin in basal
202003;504;631;259876,48;New generation insulin in basal
202003;505;408;161527,8;New generation insulin in basal
202003;506;818;324453,94;New generation insulin in basal
202003;507;689;273612,18;New generation insulin in basal
202003;508;625;246128,36;New generation insulin in basal
202003;601;319;155918,2;New generation insulin in basal
202003;700;6;2692,21;New generation insulin in basal
202004;101;259;129776,23;New generation insulin in basal
202004;102;700;317080,96;New generation insulin in basal
202004;103;322;139247,95;New generation insulin in basal
202004;104;351;156444,08;New generation insulin in basal
202004;105;376;161653,37;New generation insulin in basal
202004;106;913;407098,64;New generation insulin in basal
202004;107;426;176024,95;New generation insulin in basal
202004;108;211;91411,21;New generation insulin in basal
202004;109;385;171742,48;New generation insulin in basal
202004;110;449;211660,99;New generation insulin in basal
202004;111;556;239505,38;New generation insulin in basal
202004;112;325;138419,44;New generation insulin in basal
202004;113;607;249694,7;New generation insulin in basal
202004;114;792;333951,09;New generation insulin in basal
202004;115;941;403027,41;New generation insulin in basal
202004;116;720;328039,75;New generation insulin in basal
202004;201;605;270254,49;New generation insulin in basal
202004;202;648;278979,93;New generation insulin in basal
202004;203;889;408121,27;New generation insulin in basal
202004;204;630;289573,14;New generation insulin in basal
202004;205;607;279111,6;New generation insulin in basal
202004;206;721;317568,09;New generation insulin in basal
202004;207;614;285818,47;New generation insulin in basal
202004;208;576;265633,76;New generation insulin in basal
202004;209;542;256982,62;New generation insulin in basal
202004;301;538;221872,48;New generation insulin in basal
202004;302;402;166735,37;New generation insulin in basal
202004;303;406;174685,76;New generation insulin in basal
202004;304;793;346005;New generation insulin in basal
202004;305;381;152921,36;New generation insulin in basal
202004;306;500;223031,99;New generation insulin in basal
202004;307;560;255405,91;New generation insulin in basal
202004;308;572;252244,41;New generation insulin in basal
202004;309;353;157123,43;New generation insulin in basal
202004;310;411;196049,72;New generation insulin in basal
202004;311;568;249418,46;New generation insulin in basal
202004;312;988;460296,7;New generation insulin in basal
202004;313;596;246466,57;New generation insulin in basal
202004;314;563;236168,24;New generation insulin in basal
202004;315;542;249649,76;New generation insulin in basal
202004;401;363;161515,39;New generation insulin in basal
202004;402;625;262133,68;New generation insulin in basal
202004;403;240;93361,01;New generation insulin in basal
202004;404;912;384520,01;New generation insulin in basal
202004;405;806;323252,39;New generation insulin in basal
202004;406;944;418082,1;New generation insulin in basal
202004;407;529;248312,35;New generation insulin in basal
202004;408;612;274733,77;New generation insulin in basal
202004;409;383;159104,76;New generation insulin in basal
202004;410;379;164019,88;New generation insulin in basal
202004;411;942;390312,14;New generation insulin in basal
202004;412;573;239619,6;New generation insulin in basal
202004;501;697;280876,62;New generation insulin in basal
202004;502;414;163881,29;New generation insulin in basal
202004;503;592;249586,67;New generation insulin in basal
202004;504;505;217086,9;New generation insulin in basal
202004;505;336;137798,99;New generation insulin in basal
202004;506;586;237608,57;New generation insulin in basal
202004;507;522;231017,26;New generation insulin in basal
202004;508;474;194031,63;New generation insulin in basal
202004;601;212;118071,34;New generation insulin in basal
202005;101;315;153942,44;New generation insulin in basal
202005;102;868;406527,74;New generation insulin in basal
202005;103;369;158293,89;New generation insulin in basal
202005;104;383;167149,52;New generation insulin in basal
202005;105;492;217422,44;New generation insulin in basal
202005;106;1027;457818,26;New generation insulin in basal
202005;107;537;232771,19;New generation insulin in basal
202005;108;224;98937,35;New generation insulin in basal
202005;109;310;142264,18;New generation insulin in basal
202005;110;420;202224,23;New generation insulin in basal
202005;111;567;257013,29;New generation insulin in basal
202005;112;411;176394,43;New generation insulin in basal
202005;113;808;342391,83;New generation insulin in basal
202005;114;834;355152,84;New generation insulin in basal
202005;115;972;426494,66;New generation insulin in basal
202005;116;747;345893,73;New generation insulin in basal
202005;201;1041;459722,9;New generation insulin in basal
202005;202;698;298954,28;New generation insulin in basal
202005;203;990;455441,66;New generation insulin in basal
202005;204;626;293357,49;New generation insulin in basal
202005;205;669;303628,04;New generation insulin in basal
202005;206;821;370775,1;New generation insulin in basal
202005;207;645;298905,07;New generation insulin in basal
202005;208;624;279251,63;New generation insulin in basal
202005;209;627;298168,31;New generation insulin in basal
202005;301;498;209851,02;New generation insulin in basal
202005;302;576;240724,59;New generation insulin in basal
202005;303;509;224055,02;New generation insulin in basal
202005;304;813;339680,49;New generation insulin in basal
202005;305;419;169812,06;New generation insulin in basal
202005;306;600;270385,58;New generation insulin in basal
202005;307;632;291633,99;New generation insulin in basal
202005;308;562;254119,91;New generation insulin in basal
202005;309;314;135668,51;New generation insulin in basal
202005;310;419;198859,44;New generation insulin in basal
202005;311;522;238847,83;New generation insulin in basal
202005;312;1067;501138,82;New generation insulin in basal
202005;313;617;256874,86;New generation insulin in basal
202005;314;768;318023,34;New generation insulin in basal
202005;315;807;384820,16;New generation insulin in basal
202005;401;336;157885,21;New generation insulin in basal
202005;402;624;258160,96;New generation insulin in basal
202005;403;268;100319,97;New generation insulin in basal
202005;404;967;416915,67;New generation insulin in basal
202005;405;799;340651,88;New generation insulin in basal
202005;406;1000;469024,62;New generation insulin in basal
202005;407;644;316586,59;New generation insulin in basal
202005;408;603;272121,82;New generation insulin in basal
202005;409;465;198517,68;New generation insulin in basal
202005;410;462;201405,7;New generation insulin in basal
202005;411;959;410852,94;New generation insulin in basal
202005;412;634;270840,22;New generation insulin in basal
202005;501;756;301898,03;New generation insulin in basal
202005;502;468;183121,76;New generation insulin in basal
202005;503;685;284938,49;New generation insulin in basal
202005;504;526;229501,7;New generation insulin in basal
202005;505;338;145321,69;New generation insulin in basal
202005;506;586;241689,33;New generation insulin in basal
202005;507;578;255908,61;New generation insulin in basal
202005;508;481;194298,92;New generation insulin in basal
202005;601;327;173959,56;New generation insulin in basal
202006;101;429;211020,22;New generation insulin in basal
202006;102;906;404443,89;New generation insulin in basal
202006;103;374;156795,29;New generation insulin in basal
202006;104;460;199750,94;New generation insulin in basal
202006;105;557;235440,49;New generation insulin in basal
202006;106;1142;508091,13;New generation insulin in basal
202006;107;603;253876,96;New generation insulin in basal
202006;108;316;137516,01;New generation insulin in basal
202006;109;433;196647,96;New generation insulin in basal
202006;110;489;225636,47;New generation insulin in basal
202006;111;616;257502,52;New generation insulin in basal
202006;112;466;205920,74;New generation insulin in basal
202006;113;821;341176,51;New generation insulin in basal
202006;114;961;387674,95;New generation insulin in basal
202006;115;1134;506331,98;New generation insulin in basal
202006;116;875;392477,66;New generation insulin in basal
202006;201;1009;436198,09;New generation insulin in basal
202006;202;835;364400,64;New generation insulin in basal
202006;203;1106;504537,48;New generation insulin in basal
202006;204;757;346338,11;New generation insulin in basal
202006;205;666;299869,08;New generation insulin in basal
202006;206;937;409701,38;New generation insulin in basal
202006;207;763;347447,44;New generation insulin in basal
202006;208;713;319876,97;New generation insulin in basal
202006;209;591;278827,91;New generation insulin in basal
202006;301;662;279669,47;New generation insulin in basal
202006;302;600;252505,97;New generation insulin in basal
202006;303;530;231760,99;New generation insulin in basal
202006;304;871;371608,94;New generation insulin in basal
202006;305;507;209778,8;New generation insulin in basal
202006;306;589;257330,55;New generation insulin in basal
202006;307;762;344993,96;New generation insulin in basal
202006;308;677;313698,47;New generation insulin in basal
202006;309;315;140118,39;New generation insulin in basal
202006;310;491;226165,47;New generation insulin in basal
202006;311;621;279866,24;New generation insulin in basal
202006;312;1155;532474,3;New generation insulin in basal
202006;313;791;320727,75;New generation insulin in basal
202006;314;809;330456,41;New generation insulin in basal
202006;315;826;383158;New generation insulin in basal
202006;401;457;208759,6;New generation insulin in basal
202006;402;695;287653,79;New generation insulin in basal
202006;403;336;132301,3;New generation insulin in basal
202006;404;1243;519131,1;New generation insulin in basal
202006;405;916;369911,15;New generation insulin in basal
202006;406;1178;518619,79;New generation insulin in basal
202006;407;678;340545,32;New generation insulin in basal
202006;408;780;343713,48;New generation insulin in basal
202006;409;435;183268,06;New generation insulin in basal
202006;410;527;225052,22;New generation insulin in basal
202006;411;1251;521397,7;New generation insulin in basal
202006;412;669;285242,16;New generation insulin in basal
202006;501;801;312889,08;New generation insulin in basal
202006;502;486;189107,35;New generation insulin in basal
202006;503;761;314825,8;New generation insulin in basal
202006;504;570;250872,58;New generation insulin in basal
202006;505;405;164837,49;New generation insulin in basal
202006;506;622;255235,34;New generation insulin in basal
202006;507;719;294941,1;New generation insulin in basal
202006;508;687;270973,71;New generation insulin in basal
202006;601;278;145765,8;New generation insulin in basal
201907;101;1321;12991,47;Metformin
201907;102;3604;42733,2;Metformin
201907;103;1407;17355,58;Metformin
201907;104;1571;17713,42;Metformin
201907;105;1801;20385,66;Metformin
201907;106;4223;55167,99;Metformin
201907;107;1798;21493,85;Metformin
201907;108;1040;11813,39;Metformin
201907;109;1107;11403,62;Metformin
201907;110;1241;13687,19;Metformin
201907;111;2114;23202,73;Metformin
201907;112;1566;17125,4;Metformin
201907;113;2274;25675,64;Metformin
201907;114;2874;29063,81;Metformin
201907;115;3454;34869,73;Metformin
201907;116;3071;33474,8;Metformin
201907;201;2704;29066,4;Metformin
201907;202;2608;27244,36;Metformin
201907;203;4049;40906,76;Metformin
201907;204;2552;30426,03;Metformin
201907;205;2163;22887,63;Metformin
201907;206;2167;22202,86;Metformin
201907;207;1974;20833,23;Metformin
201907;208;1677;17949,88;Metformin
201907;209;3096;29670,39;Metformin
201907;301;1552;15771,4;Metformin
201907;302;2162;22497,17;Metformin
201907;303;1622;16765,4;Metformin
201907;304;2940;30145,9;Metformin
201907;305;1227;12239,02;Metformin
201907;306;1757;16333,3;Metformin
201907;307;1957;20419,46;Metformin
201907;308;2298;29228,35;Metformin
201907;309;925;9897,28;Metformin
201907;310;982;9416,56;Metformin
201907;311;1970;20765,1;Metformin
201907;312;2991;29649,27;Metformin
201907;313;2081;21104,46;Metformin
201907;314;2184;21008;Metformin
201907;315;2317;23593,16;Metformin
201907;401;1526;17628,3;Metformin
201907;402;2673;26855,73;Metformin
201907;403;983;10262,65;Metformin
201907;404;3954;44018,71;Metformin
201907;405;2670;29263,11;Metformin
201907;406;2844;31889,5;Metformin
201907;407;1767;17716,95;Metformin
201907;408;2564;29396,35;Metformin
201907;409;1263;14073,47;Metformin
201907;410;1764;18013,26;Metformin
201907;411;2896;29903,05;Metformin
201907;412;2316;21759,3;Metformin
201907;501;2357;24274,53;Metformin
201907;502;1766;20077,96;Metformin
201907;503;2207;21873,82;Metformin
201907;504;1719;19056,63;Metformin
201907;505;1240;13249,39;Metformin
201907;506;1962;19647,35;Metformin
201907;507;1679;18343,32;Metformin
201907;508;1997;23763,38;Metformin
201907;601;1288;18004,35;Metformin
201907;700;485;5801,02;Metformin
201908;101;1227;12523,12;Metformin
201908;102;3120;39543,08;Metformin
201908;103;1389;16550,63;Metformin
201908;104;1458;15822,93;Metformin
201908;105;1754;19787,24;Metformin
201908;106;4286;53354,37;Metformin
201908;107;1966;22809,61;Metformin
201908;108;911;9853,05;Metformin
201908;109;1237;13361,94;Metformin
201908;110;1432;14436,45;Metformin
201908;111;2145;23536,12;Metformin
201908;112;1434;15798,06;Metformin
201908;113;1814;21297,18;Metformin
201908;114;3055;31618,37;Metformin
201908;115;3703;37836,07;Metformin
201908;116;2875;29826,87;Metformin
201908;201;3011;31170,4;Metformin
201908;202;2966;28276,21;Metformin
201908;203;3812;38274,37;Metformin
201908;204;2033;21783,81;Metformin
201908;205;2174;23900,7;Metformin
201908;206;2207;21673,44;Metformin
201908;207;2049;21763,79;Metformin
201908;208;1794;20476,83;Metformin
201908;209;1756;18897,73;Metformin
201908;301;1520;15448,92;Metformin
201908;302;1986;20987,94;Metformin
201908;303;1662;17319,53;Metformin
201908;304;2870;29754,7;Metformin
201908;305;1144;11466,17;Metformin
201908;306;1629;16042,58;Metformin
201908;307;1728;18242,26;Metformin
201908;308;2163;30718,59;Metformin
201908;309;944;9386,68;Metformin
201908;310;1153;11429,61;Metformin
201908;311;1715;17280,44;Metformin
201908;312;3003;31468,55;Metformin
201908;313;1949;19844,88;Metformin
201908;314;2166;20890,41;Metformin
201908;315;2151;21625,97;Metformin
201908;401;1409;15552,05;Metformin
201908;402;2511;25304,36;Metformin
201908;403;765;8143,45;Metformin
201908;404;3779;41355,13;Metformin
201908;405;2282;25299,24;Metformin
201908;406;2523;27835,71;Metformin
201908;407;1501;15520,24;Metformin
201908;408;2438;29297;Metformin
201908;409;1144;12613,25;Metformin
201908;410;1493;15141,05;Metformin
201908;411;2724;26598,86;Metformin
201908;412;1984;18891,49;Metformin
201908;501;2330;22567,27;Metformin
201908;502;1528;17409,39;Metformin
201908;503;2091;20028,88;Metformin
201908;504;1530;16136,97;Metformin
201908;505;1143;11728,91;Metformin
201908;506;2023;19447,06;Metformin
201908;507;1470;17050,8;Metformin
201908;508;1764;21544,28;Metformin
201908;601;1828;20569,14;Metformin
201908;700;527;6342,46;Metformin
201909;101;1004;10567,39;Metformin
201909;102;2887;37305,87;Metformin
201909;103;1429;18050,22;Metformin
201909;104;1440;16204,21;Metformin
201909;105;1681;19703,1;Metformin
201909;106;3992;53891,83;Metformin
201909;107;1754;20247,67;Metformin
201909;108;1092;13285,29;Metformin
201909;109;1169;13729,59;Metformin
201909;110;1264;14435,55;Metformin
201909;111;2008;22920,34;Metformin
201909;112;1351;16361,51;Metformin
201909;113;1949;21385,85;Metformin
201909;114;2606;27907,09;Metformin
201909;115;2778;31032,04;Metformin
201909;116;2721;31251,55;Metformin
201909;201;2427;26930,68;Metformin
201909;202;2428;25827,93;Metformin
201909;203;3173;34068,43;Metformin
201909;204;2104;24086,38;Metformin
201909;205;1790;19883,35;Metformin
201909;206;2021;22921,58;Metformin
201909;207;1693;18614,98;Metformin
201909;208;1383;14631,64;Metformin
201909;209;1337;18600,58;Metformin
201909;301;1445;14502,42;Metformin
201909;302;1915;20847,54;Metformin
201909;303;1547;16199,24;Metformin
201909;304;2514;27010,15;Metformin
201909;305;1202;13318,21;Metformin
201909;306;1613;16458,44;Metformin
201909;307;1685;17966,98;Metformin
201909;308;2057;27638,97;Metformin
201909;309;794;7860,5;Metformin
201909;310;954;9684,87;Metformin
201909;311;1504;15984,58;Metformin
201909;312;2724;29665,61;Metformin
201909;313;1969;21535,89;Metformin
201909;314;2070;20524,05;Metformin
201909;315;2036;21164,03;Metformin
201909;401;1263;13842,32;Metformin
201909;402;2535;27531,48;Metformin
201909;403;960;9896,36;Metformin
201909;404;3700;41921,78;Metformin
201909;405;2609;29093,94;Metformin
201909;406;2514;28051,34;Metformin
201909;407;1581;16303,99;Metformin
201909;408;2227;27568,82;Metformin
201909;409;1178;12507,33;Metformin
201909;410;1635;17081,21;Metformin
201909;411;2761;28722,2;Metformin
201909;412;1910;19686,43;Metformin
201909;501;2378;25360,63;Metformin
201909;502;1452;15463,12;Metformin
201909;503;1988;21045,41;Metformin
201909;504;1413;16168,68;Metformin
201909;505;1073;11386,73;Metformin
201909;506;1729;17245,16;Metformin
201909;507;1441;15499,5;Metformin
201909;508;1628;20895,33;Metformin
201909;601;1115;13296,25;Metformin
201909;700;536;6378,1;Metformin
201911;101;1088;12101,15;Metformin
201911;102;3229;46779,14;Metformin
201911;103;1714;20469,72;Metformin
201911;104;1387;16159,69;Metformin
201911;105;1884;22170,24;Metformin
201911;106;4077;57532,12;Metformin
201911;107;1936;22391,29;Metformin
201911;108;1165;13797,13;Metformin
201911;109;1281;14793,07;Metformin
201911;110;1354;15833,73;Metformin
201911;111;2139;24679,16;Metformin
201911;112;1253;14235,09;Metformin
201911;113;1850;20894,7;Metformin
201911;114;2461;28385,08;Metformin
201911;115;2429;29448,4;Metformin
201911;116;2587;30086,61;Metformin
201911;201;2661;29833,2;Metformin
201911;202;2655;28460,11;Metformin
201911;203;3514;37535,92;Metformin
201911;204;2075;24625,84;Metformin
201911;205;1908;22322,04;Metformin
201911;206;2027;22166,95;Metformin
201911;207;1866;21065,63;Metformin
201911;208;1534;17199,22;Metformin
201911;209;1396;16501,71;Metformin
201911;301;1476;15690,53;Metformin
201911;302;1839;20864,97;Metformin
201911;303;1450;15389,02;Metformin
201911;304;3001;34689,84;Metformin
201911;305;1191;13262,21;Metformin
201911;306;1661;17421,07;Metformin
201911;307;1733;18235,73;Metformin
201911;308;2092;29934,45;Metformin
201911;309;819;8508,23;Metformin
201911;310;955;9475,73;Metformin
201911;311;1455;16062,64;Metformin
201911;312;2723;29081,93;Metformin
201911;313;1911;20977,62;Metformin
201911;314;1897;20128,16;Metformin
201911;315;2130;22544,92;Metformin
201911;401;1307;14111,27;Metformin
201911;402;2476;27975,49;Metformin
201911;403;903;9976,11;Metformin
201911;404;3958;47652,01;Metformin
201911;405;2441;28036,31;Metformin
201911;406;2563;28299,02;Metformin
201911;407;1435;15486,81;Metformin
201911;408;2363;29578,16;Metformin
201911;409;1217;13832,41;Metformin
201911;410;1511;16923,07;Metformin
201911;411;2902;30729,76;Metformin
201911;412;1944;20468,23;Metformin
201911;501;2274;24983,86;Metformin
201911;502;1703;18621,52;Metformin
201911;503;2053;21143,06;Metformin
201911;504;1575;17275,32;Metformin
201911;505;1033;11294,64;Metformin
201911;506;1856;19438,52;Metformin
201911;507;1352;14616,63;Metformin
201911;508;1654;20922,87;Metformin
201911;601;2105;26154,18;Metformin
201911;700;665;7985,43;Metformin
201912;101;1349;16424,09;Metformin
201912;102;3280;44080,21;Metformin
201912;103;1538;21826,87;Metformin
201912;104;1670;22267,02;Metformin
201912;105;1879;26077,83;Metformin
201912;106;4651;67115,56;Metformin
201912;107;2113;28887,13;Metformin
201912;108;1156;15301,53;Metformin
201912;109;1175;15528,15;Metformin
201912;110;1449;18828,6;Metformin
201912;111;2302;31198,45;Metformin
201912;112;1482;19977,1;Metformin
201912;113;2198;28721,53;Metformin
201912;114;3221;41477,94;Metformin
201912;115;3462;43442,5;Metformin
201912;116;2972;39860,28;Metformin
201912;201;2886;37706,99;Metformin
201912;202;2759;35657,23;Metformin
201912;203;3278;41387,08;Metformin
201912;204;2297;29755,2;Metformin
201912;205;2170;28933,78;Metformin
201912;206;2232;28443,5;Metformin
201912;207;2087;26831,97;Metformin
201912;208;1697;22297,04;Metformin
201912;209;2485;32387,11;Metformin
201912;301;1775;23000,45;Metformin
201912;302;1997;26358,35;Metformin
201912;303;1785;22238,67;Metformin
201912;304;3147;39712,16;Metformin
201912;305;1396;18443,42;Metformin
201912;306;1820;22274,42;Metformin
201912;307;1850;23478,59;Metformin
201912;308;2064;31591,11;Metformin
201912;309;837;10881,75;Metformin
201912;310;1043;13226,21;Metformin
201912;311;1633;20668,65;Metformin
201912;312;3419;43416,55;Metformin
201912;313;2305;29555,45;Metformin
201912;314;2368;29168,51;Metformin
201912;315;2225;27003,97;Metformin
201912;401;1472;18606,14;Metformin
201912;402;2890;37530;Metformin
201912;403;1052;13350,94;Metformin
201912;404;4271;57519,62;Metformin
201912;405;2591;34311,38;Metformin
201912;406;3308;40889,94;Metformin
201912;407;1888;22868,1;Metformin
201912;408;2724;38619,85;Metformin
201912;409;1232;16204,73;Metformin
201912;410;1893;23335,77;Metformin
201912;411;3235;40129,76;Metformin
201912;412;2152;26353,86;Metformin
201912;501;2614;32380,53;Metformin
201912;502;1739;22496,63;Metformin
201912;503;2391;28903,88;Metformin
201912;504;1822;23923,11;Metformin
201912;505;1212;15270,16;Metformin
201912;506;2242;29003,69;Metformin
201912;507;1707;22281,93;Metformin
201912;508;2124;30489,13;Metformin
201912;601;1370;18001,46;Metformin
201912;700;610;8632,91;Metformin
202001;101;921;12235,9;Metformin
202001;102;3150;47559,42;Metformin
202001;103;1537;21504,4;Metformin
202001;104;1539;21006,24;Metformin
202001;105;2041;28320,89;Metformin
202001;106;4058;64466,48;Metformin
202001;107;1883;25106,77;Metformin
202001;108;1088;15218,41;Metformin
202001;109;1201;16299,84;Metformin
202001;110;1425;19728,4;Metformin
202001;111;2055;27012,94;Metformin
202001;112;1359;18397,23;Metformin
202001;113;1842;24873,22;Metformin
202001;114;2733;35735,94;Metformin
202001;115;4242;58491,85;Metformin
202001;116;3003;41094,23;Metformin
202001;201;2765;36901,72;Metformin
202001;202;2691;34081,8;Metformin
202001;203;3542;45484,98;Metformin
202001;204;2164;29816,47;Metformin
202001;205;1940;27345,15;Metformin
202001;206;2000;26378,39;Metformin
202001;207;1734;22948,44;Metformin
202001;208;1821;24431,82;Metformin
202001;209;1290;20401,68;Metformin
202001;301;1482;18877,86;Metformin
202001;302;1983;27066,94;Metformin
202001;303;1458;18680,29;Metformin
202001;304;2869;37871,21;Metformin
202001;305;1205;16398,56;Metformin
202001;306;1637;20795,38;Metformin
202001;307;1750;23202,64;Metformin
202001;308;2175;34724,42;Metformin
202001;309;839;11135,98;Metformin
202001;310;1020;12592,17;Metformin
202001;311;1646;22137,08;Metformin
202001;312;2788;35961,28;Metformin
202001;313;1933;25565,88;Metformin
202001;314;2132;26671,79;Metformin
202001;315;2217;27650,63;Metformin
202001;401;1230;15257,23;Metformin
202001;402;2759;36459,62;Metformin
202001;403;895;11692,6;Metformin
202001;404;3892;53871,64;Metformin
202001;405;2732;37848,44;Metformin
202001;406;2556;33322,08;Metformin
202001;407;1535;19547,14;Metformin
202001;408;2201;31568,99;Metformin
202001;409;1116;15059,31;Metformin
202001;410;1538;19598,18;Metformin
202001;411;2623;33016,46;Metformin
202001;412;2071;26515,9;Metformin
202001;501;2537;32684,81;Metformin
202001;502;1534;19733,62;Metformin
202001;503;2022;26231,96;Metformin
202001;504;1518;20748,83;Metformin
202001;505;1118;15248,58;Metformin
202001;506;1787;22703,5;Metformin
202001;507;1405;17904,22;Metformin
202001;508;1677;25294,64;Metformin
202001;601;1515;20868,81;Metformin
202001;700;699;9236,33;Metformin
202002;101;1353;17755,24;Metformin
202002;102;2879;45012,26;Metformin
202002;103;1217;18399,85;Metformin
202002;104;1725;25192,29;Metformin
202002;105;2142;32446,79;Metformin
202002;106;4334;66691,91;Metformin
202002;107;1954;27410,41;Metformin
202002;108;1124;15917,14;Metformin
202002;109;1065;16900,51;Metformin
202002;110;1311;19155,83;Metformin
202002;111;2170;31586,85;Metformin
202002;112;1521;21969,2;Metformin
202002;113;2029;30408,24;Metformin
202002;114;2809;39784,55;Metformin
202002;115;3575;54308,72;Metformin
202002;116;2986;43532,72;Metformin
202002;201;3048;42790,99;Metformin
202002;202;2663;36868,84;Metformin
202002;203;3513;47339,98;Metformin
202002;204;2133;30719,98;Metformin
202002;205;2166;32324,02;Metformin
202002;206;2067;28894,2;Metformin
202002;207;2035;29242,52;Metformin
202002;208;1516;21124,48;Metformin
202002;209;1700;24876,9;Metformin
202002;301;1656;23239,25;Metformin
202002;302;1937;27351,72;Metformin
202002;303;1565;21767,49;Metformin
202002;304;3343;45884,96;Metformin
202002;305;1187;16651,66;Metformin
202002;306;1781;24058,48;Metformin
202002;307;1733;24583,18;Metformin
202002;308;2147;38010,6;Metformin
202002;309;839;10937,63;Metformin
202002;310;1032;14103,11;Metformin
202002;311;1563;21500,6;Metformin
202002;312;3047;41812,61;Metformin
202002;313;1803;26626,21;Metformin
202002;314;2146;28367,43;Metformin
202002;315;2282;31056,11;Metformin
202002;401;1466;21204,59;Metformin
202002;402;2800;39262,56;Metformin
202002;403;809;11220,1;Metformin
202002;404;3967;57845,33;Metformin
202002;405;2199;33102,09;Metformin
202002;406;2691;36532,32;Metformin
202002;407;1520;21177,41;Metformin
202002;408;2412;36438,45;Metformin
202002;409;1178;16986,27;Metformin
202002;410;1654;22275,31;Metformin
202002;411;2698;37162,45;Metformin
202002;412;2094;27206,21;Metformin
202002;501;2446;33571,82;Metformin
202002;502;1422;21029,05;Metformin
202002;503;2108;27889,01;Metformin
202002;504;1515;21653,82;Metformin
202002;505;971;13373,24;Metformin
202002;506;2009;26394,5;Metformin
202002;507;1506;22087,97;Metformin
202002;508;1666;27199,45;Metformin
202002;601;1466;21188,18;Metformin
202002;700;804;11205,69;Metformin
202003;101;1051;14118,93;Metformin
202003;102;3939;59519,27;Metformin
202003;103;1509;20159,08;Metformin
202003;104;1640;23468,28;Metformin
202003;105;2079;29222,77;Metformin
202003;106;4306;65623,82;Metformin
202003;107;2253;30421,77;Metformin
202003;108;1276;17596,06;Metformin
202003;109;1391;18654,71;Metformin
202003;110;1304;17621,02;Metformin
202003;111;2235;31083,41;Metformin
202003;112;1715;23508,05;Metformin
202003;113;2219;32823,04;Metformin
202003;114;3172;42339,87;Metformin
202003;115;3283;45614,28;Metformin
202003;116;3430;48190,73;Metformin
202003;201;3237;44574,48;Metformin
202003;202;3264;45952,53;Metformin
202003;203;3730;51548,46;Metformin
202003;204;2428;34078,43;Metformin
202003;205;2291;31459,22;Metformin
202003;206;2546;34788,26;Metformin
202003;207;2059;27259,77;Metformin
202003;208;1749;24395,87;Metformin
202003;209;2806;35201,42;Metformin
202003;301;1590;21723,19;Metformin
202003;302;2029;27548,64;Metformin
202003;303;1750;23282,66;Metformin
202003;304;3112;42253,42;Metformin
202003;305;1203;16254,72;Metformin
202003;306;1924;25475,11;Metformin
202003;307;1964;27576,19;Metformin
202003;308;2375;40879,81;Metformin
202003;309;936;13237,94;Metformin
202003;310;1133;14721,31;Metformin
202003;311;1766;24250,12;Metformin
202003;312;3174;43181,88;Metformin
202003;313;2196;30338,4;Metformin
202003;314;2358;30688,89;Metformin
202003;315;2498;34615,01;Metformin
202003;401;1527;20538,19;Metformin
202003;402;2203;29820,44;Metformin
202003;403;908;11949,4;Metformin
202003;404;4560;64931,16;Metformin
202003;405;3027;43183,09;Metformin
202003;406;2826;39039,6;Metformin
202003;407;1954;25442,88;Metformin
202003;408;2615;40177,46;Metformin
202003;409;1392;18666,1;Metformin
202003;410;1928;25537,81;Metformin
202003;411;3354;44982,11;Metformin
202003;412;2268;28745,21;Metformin
202003;501;2535;32947,32;Metformin
202003;502;1763;23257,31;Metformin
202003;503;2196;28254,85;Metformin
202003;504;1686;22785,4;Metformin
202003;505;1158;16183,98;Metformin
202003;506;2058;27022,05;Metformin
202003;507;1626;23313,35;Metformin
202003;508;1982;31467,39;Metformin
202003;601;1599;21091,83;Metformin
202003;700;1663;22132,33;Metformin
202004;101;1068;13834,41;Metformin
202004;102;3597;75268,64;Metformin
202004;103;1116;14252,66;Metformin
202004;104;1266;16708,43;Metformin
202004;105;1562;20013,88;Metformin
202004;106;3708;52025,57;Metformin
202004;107;1584;20791,24;Metformin
202004;108;878;11891,51;Metformin
202004;109;1095;14191,15;Metformin
202004;110;1061;13817,17;Metformin
202004;111;2048;28143,79;Metformin
202004;112;1167;14377,52;Metformin
202004;113;1922;25503,09;Metformin
202004;114;2451;30366,25;Metformin
202004;115;3169;42494,38;Metformin
202004;116;2485;32376,35;Metformin
202004;201;2356;29532,4;Metformin
202004;202;2400;31394,11;Metformin
202004;203;3574;44427,86;Metformin
202004;204;2347;30528,95;Metformin
202004;205;1951;24874,57;Metformin
202004;206;1961;24038,03;Metformin
202004;207;1954;24946,96;Metformin
202004;208;1586;20559,2;Metformin
202004;209;1276;18370,49;Metformin
202004;301;1609;19193,98;Metformin
202004;302;1694;21555,12;Metformin
202004;303;1520;18794,51;Metformin
202004;304;2775;34926,42;Metformin
202004;305;1153;14504,09;Metformin
202004;306;1671;20971,11;Metformin
202004;307;1427;18162,02;Metformin
202004;308;2008;28811,11;Metformin
202004;309;867;10928,9;Metformin
202004;310;1058;13071,66;Metformin
202004;311;1644;21839,12;Metformin
202004;312;2957;37652,42;Metformin
202004;313;1699;21832,59;Metformin
202004;314;1861;23177,4;Metformin
202004;315;2117;26988,05;Metformin
202004;401;1308;16347,86;Metformin
202004;402;2427;31119,03;Metformin
202004;403;679;8438,3;Metformin
202004;404;3703;48354,33;Metformin
202004;405;2183;29697,49;Metformin
202004;406;2614;32971,29;Metformin
202004;407;1706;20998,82;Metformin
202004;408;2260;29492,79;Metformin
202004;409;1107;14749,22;Metformin
202004;410;1553;19673,69;Metformin
202004;411;2665;34310,82;Metformin
202004;412;1985;24528,16;Metformin
202004;501;2092;26265,04;Metformin
202004;502;1362;17618,15;Metformin
202004;503;1997;24008,63;Metformin
202004;504;1455;19912,6;Metformin
202004;505;1063;13895,4;Metformin
202004;506;1766;21195,19;Metformin
202004;507;1380;16832,25;Metformin
202004;508;1579;23131,47;Metformin
202004;601;814;11099,44;Metformin
202004;700;1628;21348,22;Metformin
202005;101;1097;14068,55;Metformin
202005;102;2713;36118;Metformin
202005;103;1301;17255,94;Metformin
202005;104;1463;19397,5;Metformin
202005;105;1755;23719,02;Metformin
202005;106;3981;57662,9;Metformin
202005;107;1757;23519,04;Metformin
202005;108;1137;14540,73;Metformin
202005;109;1206;16222,38;Metformin
202005;110;1169;15490,75;Metformin
202005;111;1943;25620;Metformin
202005;112;1317;17797,81;Metformin
202005;113;1855;25061,39;Metformin
202005;114;2828;37952,43;Metformin
202005;115;3156;41832,52;Metformin
202005;116;2960;40401,84;Metformin
202005;201;2968;38292,89;Metformin
202005;202;2731;36188;Metformin
202005;203;3626;47018,96;Metformin
202005;204;2344;29725,88;Metformin
202005;205;2164;28744,67;Metformin
202005;206;2172;28111,87;Metformin
202005;207;1822;24761,09;Metformin
202005;208;1562;20575,58;Metformin
202005;209;1768;21369,57;Metformin
202005;301;1598;19715,12;Metformin
202005;302;2099;26649,62;Metformin
202005;303;1612;20290,98;Metformin
202005;304;3030;39759,64;Metformin
202005;305;1171;15519,65;Metformin
202005;306;1749;22593,45;Metformin
202005;307;1732;22698,25;Metformin
202005;308;3382;46731,21;Metformin
202005;309;904;11615,36;Metformin
202005;310;1042;13359,47;Metformin
202005;311;1622;21562,85;Metformin
202005;312;3002;39316,71;Metformin
202005;313;1921;25076,29;Metformin
202005;314;2002;25161,74;Metformin
202005;315;2227;29187,28;Metformin
202005;401;1376;18137,95;Metformin
202005;402;2401;32341,54;Metformin
202005;403;730;9549,93;Metformin
202005;404;3913;51942,18;Metformin
202005;405;2513;32201,71;Metformin
202005;406;2690;34528;Metformin
202005;407;1505;19228,49;Metformin
202005;408;2738;35818,93;Metformin
202005;409;1188;15824,97;Metformin
202005;410;1620;20345,08;Metformin
202005;411;2749;35232,34;Metformin
202005;412;2138;26367,3;Metformin
202005;501;2266;28160,61;Metformin
202005;502;1221;15570,05;Metformin
202005;503;2160;26908,77;Metformin
202005;504;1470;19859,43;Metformin
202005;505;1068;13953,95;Metformin
202005;506;2030;25345,85;Metformin
202005;507;1329;16465,42;Metformin
202005;508;1846;27018,19;Metformin
202005;601;2004;25159,08;Metformin
202005;700;1153;15173,11;Metformin
202006;101;1329;17862,32;Metformin
202006;102;3899;55770,14;Metformin
202006;103;1248;16633,77;Metformin
202006;104;1554;22310,89;Metformin
202006;105;1828;25377,41;Metformin
202006;106;5286;70576,62;Metformin
202006;107;1842;23016,75;Metformin
202006;108;1205;17038,94;Metformin
202006;109;1287;17736,14;Metformin
202006;110;1425;18427,53;Metformin
202006;111;2246;30823,81;Metformin
202006;112;1636;22609,14;Metformin
202006;113;2123;30968,46;Metformin
202006;114;3178;42533,92;Metformin
202006;115;3533;51573,95;Metformin
202006;116;3019;42159,75;Metformin
202006;201;2791;39026,02;Metformin
202006;202;2801;39098,89;Metformin
202006;203;3920;52842,91;Metformin
202006;204;2285;31450,68;Metformin
202006;205;2074;29583,17;Metformin
202006;206;2396;32876,13;Metformin
202006;207;2095;29218,04;Metformin
202006;208;1901;26512,95;Metformin
202006;209;2033;25405,36;Metformin
202006;301;1882;24969,4;Metformin
202006;302;2216;30658,89;Metformin
202006;303;1717;21584,78;Metformin
202006;304;3462;47943,34;Metformin
202006;305;1389;18641,14;Metformin
202006;306;1909;25419,56;Metformin
202006;307;2158;29885,41;Metformin
202006;308;2557;36417,01;Metformin
202006;309;860;12762,12;Metformin
202006;310;1102;14392,35;Metformin
202006;311;1834;25845,4;Metformin
202006;312;3118;44304,32;Metformin
202006;313;2190;28908,05;Metformin
202006;314;2225;30106,14;Metformin
202006;315;2477;33506,25;Metformin
202006;401;1545;21366,86;Metformin
202006;402;2925;38177,91;Metformin
202006;403;943;12715,68;Metformin
202006;404;4901;67523,04;Metformin
202006;405;2610;39273,38;Metformin
202006;406;3279;44558,02;Metformin
202006;407;1963;26719,53;Metformin
202006;408;3285;41428,56;Metformin
202006;409;1357;18544,34;Metformin
202006;410;1790;23861,48;Metformin
202006;411;3400;44067,59;Metformin
202006;412;2434;31574,63;Metformin
202006;501;2678;33688,91;Metformin
202006;502;1625;20824,61;Metformin
202006;503;2349;31371,3;Metformin
202006;504;2018;28063,95;Metformin
202006;505;1232;16869,87;Metformin
202006;506;2108;27292,97;Metformin
202006;507;1767;24103,51;Metformin
202006;508;2394;31134,7;Metformin
202006;601;1499;18665,6;Metformin
202006;700;1162;15088,71;Metformin
201907;101;111;76328;SGLT-2
201907;102;434;339357,2;SGLT-2
201907;103;233;169085,23;SGLT-2
201907;104;246;161344,21;SGLT-2
201907;105;264;186590,55;SGLT-2
201907;106;779;580716,75;SGLT-2
201907;107;304;229243,62;SGLT-2
201907;108;195;168774,36;SGLT-2
201907;109;167;142879,95;SGLT-2
201907;110;155;134714,99;SGLT-2
201907;111;280;214640,95;SGLT-2
201907;112;238;167164,14;SGLT-2
201907;113;322;244691,12;SGLT-2
201907;114;374;279268,88;SGLT-2
201907;115;474;333068,87;SGLT-2
201907;116;540;322212,91;SGLT-2
201907;201;469;305832,01;SGLT-2
201907;202;326;215026,77;SGLT-2
201907;203;513;354111,59;SGLT-2
201907;204;236;164758;SGLT-2
201907;205;249;188629,28;SGLT-2
201907;206;295;213117,53;SGLT-2
201907;207;232;131767;SGLT-2
201907;208;200;145179,45;SGLT-2
201907;209;262;145440,8;SGLT-2
201907;301;137;92051,29;SGLT-2
201907;302;209;142509,34;SGLT-2
201907;303;158;116190,93;SGLT-2
201907;304;328;224899,41;SGLT-2
201907;305;172;111915,57;SGLT-2
201907;306;158;120404,42;SGLT-2
201907;307;323;220888,47;SGLT-2
201907;308;451;314111,52;SGLT-2
201907;309;252;175985,89;SGLT-2
201907;310;134;90300,84;SGLT-2
201907;311;245;192890,36;SGLT-2
201907;312;440;315727,12;SGLT-2
201907;313;236;169192,24;SGLT-2
201907;314;278;180681,11;SGLT-2
201907;315;296;228314,76;SGLT-2
201907;401;173;128011,72;SGLT-2
201907;402;230;180258,45;SGLT-2
201907;403;116;74876,61;SGLT-2
201907;404;545;360888,73;SGLT-2
201907;405;239;186291,72;SGLT-2
201907;406;313;230242,88;SGLT-2
201907;407;200;132612,82;SGLT-2
201907;408;270;187671,68;SGLT-2
201907;409;230;149894,48;SGLT-2
201907;410;329;218023,48;SGLT-2
201907;411;405;281428,89;SGLT-2
201907;412;217;165515,85;SGLT-2
201907;501;296;205543,71;SGLT-2
201907;502;175;114499,45;SGLT-2
201907;503;310;219686,84;SGLT-2
201907;504;214;154519,85;SGLT-2
201907;505;136;105192,46;SGLT-2
201907;506;202;149270,39;SGLT-2
201907;507;189;134098,57;SGLT-2
201907;508;288;162098,68;SGLT-2
201907;601;129;109112,5;SGLT-2
201907;700;69;45346,72;SGLT-2
201908;101;90;54975,54;SGLT-2
201908;102;462;347491,34;SGLT-2
201908;103;210;131499,02;SGLT-2
201908;104;196;127694,04;SGLT-2
201908;105;218;154278,54;SGLT-2
201908;106;536;367748,36;SGLT-2
201908;107;278;188280,04;SGLT-2
201908;108;137;104287,87;SGLT-2
201908;109;125;111689,21;SGLT-2
201908;110;134;103662,21;SGLT-2
201908;111;254;204500,45;SGLT-2
201908;112;151;105215,2;SGLT-2
201908;113;277;202950,53;SGLT-2
201908;114;311;231061,82;SGLT-2
201908;115;465;299384,3;SGLT-2
201908;116;555;356571,33;SGLT-2
201908;201;503;354011,32;SGLT-2
201908;202;372;277504,84;SGLT-2
201908;203;460;321428,03;SGLT-2
201908;204;297;217618,22;SGLT-2
201908;205;239;180844,09;SGLT-2
201908;206;280;174083,21;SGLT-2
201908;207;205;129981,79;SGLT-2
201908;208;228;133131,55;SGLT-2
201908;209;268;138751,73;SGLT-2
201908;301;145;98891,39;SGLT-2
201908;302;173;125986,73;SGLT-2
201908;303;148;100693,1;SGLT-2
201908;304;312;214374,95;SGLT-2
201908;305;112;68475,83;SGLT-2
201908;306;165;118856,53;SGLT-2
201908;307;307;200680,13;SGLT-2
201908;308;291;190566,77;SGLT-2
201908;309;192;131697,08;SGLT-2
201908;310;95;59974,35;SGLT-2
201908;311;178;130660,94;SGLT-2
201908;312;429;298981,9;SGLT-2
201908;313;278;187260,12;SGLT-2
201908;314;242;173472,41;SGLT-2
201908;315;268;199915,7;SGLT-2
201908;401;178;134045,57;SGLT-2
201908;402;254;198832,57;SGLT-2
201908;403;115;65691,13;SGLT-2
201908;404;471;304879,54;SGLT-2
201908;405;273;199818,94;SGLT-2
201908;406;354;243091,69;SGLT-2
201908;407;193;130210,29;SGLT-2
201908;408;273;183443,36;SGLT-2
201908;409;202;139304,44;SGLT-2
201908;410;297;189802,18;SGLT-2
201908;411;406;274058,71;SGLT-2
201908;412;229;162523,75;SGLT-2
201908;501;289;217507,15;SGLT-2
201908;502;158;117982,68;SGLT-2
201908;503;260;179891,32;SGLT-2
201908;504;165;113379,07;SGLT-2
201908;505;127;90200,52;SGLT-2
201908;506;209;141476,6;SGLT-2
201908;507;187;147951,06;SGLT-2
201908;508;244;162743,93;SGLT-2
201908;601;131;123514,03;SGLT-2
201908;700;59;41236,66;SGLT-2
201909;101;104;61163,84;SGLT-2
201909;102;456;351071,97;SGLT-2
201909;103;244;169701,7;SGLT-2
201909;104;240;173619,01;SGLT-2
201909;105;273;188980,83;SGLT-2
201909;106;719;503877,81;SGLT-2
201909;107;351;217596,91;SGLT-2
201909;108;158;107957,05;SGLT-2
201909;109;197;145089,26;SGLT-2
201909;110;186;137541,32;SGLT-2
201909;111;320;220386,52;SGLT-2
201909;112;216;156808,14;SGLT-2
201909;113;281;174459,47;SGLT-2
201909;114;363;263048,94;SGLT-2
201909;115;512;310212,18;SGLT-2
201909;116;521;305415,09;SGLT-2
201909;201;480;288941,12;SGLT-2
201909;202;335;223924,8;SGLT-2
201909;203;468;307249,31;SGLT-2
201909;204;320;245904,21;SGLT-2
201909;205;279;184126,92;SGLT-2
201909;206;294;183408,57;SGLT-2
201909;207;221;135548,42;SGLT-2
201909;208;196;122433,82;SGLT-2
201909;209;218;130869,92;SGLT-2
201909;301;187;117446,57;SGLT-2
201909;302;213;122972,08;SGLT-2
201909;303;234;139371,87;SGLT-2
201909;304;383;254112,1;SGLT-2
201909;305;183;103786,76;SGLT-2
201909;306;211;124356,9;SGLT-2
201909;307;311;198925,04;SGLT-2
201909;308;419;264752,15;SGLT-2
201909;309;227;147673,85;SGLT-2
201909;310;131;78500,28;SGLT-2
201909;311;180;117847,12;SGLT-2
201909;312;466;303510,13;SGLT-2
201909;313;329;190750,14;SGLT-2
201909;314;303;185005,01;SGLT-2
201909;315;296;218688,66;SGLT-2
201909;401;173;126721,97;SGLT-2
201909;402;310;229607,85;SGLT-2
201909;403;180;106065,38;SGLT-2
201909;404;600;394661,47;SGLT-2
201909;405;330;238027,28;SGLT-2
201909;406;367;245786,4;SGLT-2
201909;407;275;192808,07;SGLT-2
201909;408;262;186157,2;SGLT-2
201909;409;265;161306,9;SGLT-2
201909;410;334;188750,4;SGLT-2
201909;411;519;331631,25;SGLT-2
201909;412;300;198375,02;SGLT-2
201909;501;432;279154,85;SGLT-2
201909;502;199;124353,21;SGLT-2
201909;503;289;196747,45;SGLT-2
201909;504;231;145091,62;SGLT-2
201909;505;131;85067,64;SGLT-2
201909;506;277;178348,27;SGLT-2
201909;507;211;153622,01;SGLT-2
201909;508;261;161950,29;SGLT-2
201909;601;140;125804,92;SGLT-2
201909;700;80;58670,93;SGLT-2
201911;101;109;67541,92;SGLT-2
201911;102;556;372160,5;SGLT-2
201911;103;260;163391,75;SGLT-2
201911;104;254;161102,47;SGLT-2
201911;105;271;202431,61;SGLT-2
201911;106;802;560345,3;SGLT-2
201911;107;262;160363,62;SGLT-2
201911;108;181;135065,89;SGLT-2
201911;109;240;178013,79;SGLT-2
201911;110;200;155003,54;SGLT-2
201911;111;334;235650,6;SGLT-2
201911;112;202;134183,67;SGLT-2
201911;113;286;191219,75;SGLT-2
201911;114;388;265453,89;SGLT-2
201911;115;440;285479,93;SGLT-2
201911;116;630;371489,45;SGLT-2
201911;201;491;309252,78;SGLT-2
201911;202;427;280457,21;SGLT-2
201911;203;481;305075,63;SGLT-2
201911;204;319;226001,54;SGLT-2
201911;205;271;178139,43;SGLT-2
201911;206;254;185343,8;SGLT-2
201911;207;269;166144,68;SGLT-2
201911;208;221;132508,07;SGLT-2
201911;209;263;139641,23;SGLT-2
201911;301;149;104436,03;SGLT-2
201911;302;210;144539,8;SGLT-2
201911;303;155;105865,42;SGLT-2
201911;304;377;264125,48;SGLT-2
201911;305;186;98903,64;SGLT-2
201911;306;171;124500,37;SGLT-2
201911;307;397;270867,74;SGLT-2
201911;308;437;286618,16;SGLT-2
201911;309;181;118137,8;SGLT-2
201911;310;141;85127,05;SGLT-2
201911;311;254;155536,83;SGLT-2
201911;312;438;289690,98;SGLT-2
201911;313;279;173911,77;SGLT-2
201911;314;306;188257,71;SGLT-2
201911;315;273;194141,14;SGLT-2
201911;401;179;123300,15;SGLT-2
201911;402;415;279037,85;SGLT-2
201911;403;114;70678,96;SGLT-2
201911;404;591;368615,9;SGLT-2
201911;405;384;254143,29;SGLT-2
201911;406;465;300207,38;SGLT-2
201911;407;256;184000,44;SGLT-2
201911;408;328;198238,75;SGLT-2
201911;409;270;154784,46;SGLT-2
201911;410;306;194789,67;SGLT-2
201911;411;460;287368,56;SGLT-2
201911;412;227;153265,22;SGLT-2
201911;501;361;252496,49;SGLT-2
201911;502;250;151546,4;SGLT-2
201911;503;344;213015,75;SGLT-2
201911;504;247;167491,94;SGLT-2
201911;505;164;103544,49;SGLT-2
201911;506;259;161150,15;SGLT-2
201911;507;198;148761,92;SGLT-2
201911;508;282;171232,79;SGLT-2
201911;601;206;187366,71;SGLT-2
201911;700;91;56414,12;SGLT-2
201912;101;108;69918,59;SGLT-2
201912;102;527;415779,86;SGLT-2
201912;103;285;184428,78;SGLT-2
201912;104;273;184376,18;SGLT-2
201912;105;338;238040,73;SGLT-2
201912;106;796;560790,03;SGLT-2
201912;107;372;243095;SGLT-2
201912;108;207;154765,16;SGLT-2
201912;109;166;132568,46;SGLT-2
201912;110;188;149305,81;SGLT-2
201912;111;385;269154,31;SGLT-2
201912;112;262;187459,34;SGLT-2
201912;113;318;223952,65;SGLT-2
201912;114;516;348057,84;SGLT-2
201912;115;545;345527,83;SGLT-2
201912;116;656;377914,42;SGLT-2
201912;201;606;360188,87;SGLT-2
201912;202;403;302377,61;SGLT-2
201912;203;597;412973,47;SGLT-2
201912;204;366;263303,44;SGLT-2
201912;205;320;226466,24;SGLT-2
201912;206;357;238629,33;SGLT-2
201912;207;300;182965,66;SGLT-2
201912;208;268;189181,02;SGLT-2
201912;209;257;143568,03;SGLT-2
201912;301;152;101894,29;SGLT-2
201912;302;207;136568,95;SGLT-2
201912;303;211;131220,57;SGLT-2
201912;304;516;359013,15;SGLT-2
201912;305;216;149539,75;SGLT-2
201912;306;258;175694,71;SGLT-2
201912;307;352;263035,39;SGLT-2
201912;308;436;312473,82;SGLT-2
201912;309;251;168629,98;SGLT-2
201912;310;90;57992,16;SGLT-2
201912;311;248;176379,87;SGLT-2
201912;312;523;350439,62;SGLT-2
201912;313;262;178017,18;SGLT-2
201912;314;335;247839,02;SGLT-2
201912;315;326;248071,46;SGLT-2
201912;401;197;152571,5;SGLT-2
201912;402;327;234861,48;SGLT-2
201912;403;160;103553,38;SGLT-2
201912;404;771;524752,46;SGLT-2
201912;405;378;273933,08;SGLT-2
201912;406;504;346419,13;SGLT-2
201912;407;245;176866,64;SGLT-2
201912;408;376;255477,93;SGLT-2
201912;409;257;176958,92;SGLT-2
201912;410;359;216237,7;SGLT-2
201912;411;496;352435,4;SGLT-2
201912;412;319;218805,91;SGLT-2
201912;501;362;270303,32;SGLT-2
201912;502;190;134015,52;SGLT-2
201912;503;389;260367,45;SGLT-2
201912;504;232;161778,51;SGLT-2
201912;505;120;87131,02;SGLT-2
201912;506;256;178591,67;SGLT-2
201912;507;187;156146,88;SGLT-2
201912;508;322;204085,17;SGLT-2
201912;601;135;116897,1;SGLT-2
201912;700;109;81796,87;SGLT-2
202001;101;106;68825,18;SGLT-2
202001;102;399;319460,28;SGLT-2
202001;103;218;146518,67;SGLT-2
202001;104;260;181238,1;SGLT-2
202001;105;275;197387,1;SGLT-2
202001;106;662;499490,03;SGLT-2
202001;107;267;154168,13;SGLT-2
202001;108;147;111026,67;SGLT-2
202001;109;206;166766,85;SGLT-2
202001;110;218;186530,39;SGLT-2
202001;111;310;235264,92;SGLT-2
202001;112;203;145739,94;SGLT-2
202001;113;294;189431,84;SGLT-2
202001;114;370;270553,65;SGLT-2
202001;115;494;314205,15;SGLT-2
202001;116;630;383475,43;SGLT-2
202001;201;489;294752,31;SGLT-2
202001;202;330;224984,98;SGLT-2
202001;203;491;328790,27;SGLT-2
202001;204;277;175254,41;SGLT-2
202001;205;309;226283,91;SGLT-2
202001;206;335;221519,47;SGLT-2
202001;207;223;135321,16;SGLT-2
202001;208;240;132633,97;SGLT-2
202001;209;196;107672,15;SGLT-2
202001;301;176;113115,07;SGLT-2
202001;302;217;143058,12;SGLT-2
202001;303;139;100252,63;SGLT-2
202001;304;419;286147,02;SGLT-2
202001;305;183;99841,55;SGLT-2
202001;306;150;105016,46;SGLT-2
202001;307;237;155622,08;SGLT-2
202001;308;377;239183,01;SGLT-2
202001;309;241;148227,73;SGLT-2
202001;310;124;63592,22;SGLT-2
202001;311;203;138015,02;SGLT-2
202001;312;485;338277,02;SGLT-2
202001;313;246;161161,55;SGLT-2
202001;314;253;157710,55;SGLT-2
202001;315;359;276352,5;SGLT-2
202001;401;153;119927,82;SGLT-2
202001;402;267;188368,33;SGLT-2
202001;403;174;114218,51;SGLT-2
202001;404;616;397552,18;SGLT-2
202001;405;335;258342,7;SGLT-2
202001;406;380;243909,25;SGLT-2
202001;407;257;185038,51;SGLT-2
202001;408;301;186527,38;SGLT-2
202001;409;256;187339,63;SGLT-2
202001;410;290;186129,24;SGLT-2
202001;411;448;290886,79;SGLT-2
202001;412;250;169349,82;SGLT-2
202001;501;322;233368,5;SGLT-2
202001;502;216;145185,45;SGLT-2
202001;503;275;164648,56;SGLT-2
202001;504;210;134035,37;SGLT-2
202001;505;158;117036,54;SGLT-2
202001;506;233;146906,3;SGLT-2
202001;507;172;122315,05;SGLT-2
202001;508;272;182831,25;SGLT-2
202001;601;121;115077,49;SGLT-2
202001;700;134;104490,43;SGLT-2
202002;101;93;59158,74;SGLT-2
202002;102;537;386518,76;SGLT-2
202002;103;267;199257,08;SGLT-2
202002;104;276;210607,6;SGLT-2
202002;105;311;227043,35;SGLT-2
202002;106;659;453069,43;SGLT-2
202002;107;343;217789,11;SGLT-2
202002;108;219;159387,64;SGLT-2
202002;109;181;137245,68;SGLT-2
202002;110;207;158342,12;SGLT-2
202002;111;358;259860,99;SGLT-2
202002;112;214;157883,14;SGLT-2
202002;113;243;187071,57;SGLT-2
202002;114;443;288477,58;SGLT-2
202002;115;519;312122,28;SGLT-2
202002;116;590;369709,23;SGLT-2
202002;201;553;346732,19;SGLT-2
202002;202;408;293591,6;SGLT-2
202002;203;516;344450,44;SGLT-2
202002;204;333;254187,75;SGLT-2
202002;205;237;165126,29;SGLT-2
202002;206;272;186030,31;SGLT-2
202002;207;259;163042,94;SGLT-2
202002;208;213;132461,12;SGLT-2
202002;209;287;150422,61;SGLT-2
202002;301;168;107131,35;SGLT-2
202002;302;218;146244,95;SGLT-2
202002;303;176;118532,49;SGLT-2
202002;304;408;281255,48;SGLT-2
202002;305;197;124190,23;SGLT-2
202002;306;214;135808,22;SGLT-2
202002;307;366;241700,23;SGLT-2
202002;308;423;288271,99;SGLT-2
202002;309;210;131880,83;SGLT-2
202002;310;112;75970,75;SGLT-2
202002;311;265;185007,55;SGLT-2
202002;312;536;371518,45;SGLT-2
202002;313;307;201264,44;SGLT-2
202002;314;270;174387,44;SGLT-2
202002;315;308;227923,38;SGLT-2
202002;401;189;146709,88;SGLT-2
202002;402;375;287799,65;SGLT-2
202002;403;161;97851,82;SGLT-2
202002;404;676;428421,69;SGLT-2
202002;405;302;213922,78;SGLT-2
202002;406;490;347439,64;SGLT-2
202002;407;207;141129,81;SGLT-2
202002;408;345;220073,24;SGLT-2
202002;409;263;164798,9;SGLT-2
202002;410;343;230415,59;SGLT-2
202002;411;505;343550,27;SGLT-2
202002;412;282;190875,6;SGLT-2
202002;501;342;245409,35;SGLT-2
202002;502;200;138502,69;SGLT-2
202002;503;316;218166,76;SGLT-2
202002;504;262;187670,14;SGLT-2
202002;505;174;112843,38;SGLT-2
202002;506;293;199705,31;SGLT-2
202002;507;235;165448,61;SGLT-2
202002;508;309;197598,79;SGLT-2
202002;601;129;118448,81;SGLT-2
202002;700;108;70309;SGLT-2
202003;101;122;74863,46;SGLT-2
202003;102;592;429944,77;SGLT-2
202003;103;284;179444,63;SGLT-2
202003;104;304;210483,39;SGLT-2
202003;105;448;287684,88;SGLT-2
202003;106;1026;702076,02;SGLT-2
202003;107;397;276659,49;SGLT-2
202003;108;212;148554,19;SGLT-2
202003;109;275;189329,44;SGLT-2
202003;110;266;178086,15;SGLT-2
202003;111;425;280169,2;SGLT-2
202003;112;299;196288,22;SGLT-2
202003;113;395;263694,98;SGLT-2
202003;114;610;389771,54;SGLT-2
202003;115;768;455773,59;SGLT-2
202003;116;874;503801,7;SGLT-2
202003;201;742;436513,03;SGLT-2
202003;202;525;324030,5;SGLT-2
202003;203;662;429392,53;SGLT-2
202003;204;401;263311,94;SGLT-2
202003;205;379;251423,15;SGLT-2
202003;206;444;277285,1;SGLT-2
202003;207;361;193095,03;SGLT-2
202003;208;356;204322,54;SGLT-2
202003;209;286;154810,16;SGLT-2
202003;301;224;144057,19;SGLT-2
202003;302;328;194615,78;SGLT-2
202003;303;214;132930,53;SGLT-2
202003;304;539;334050,81;SGLT-2
202003;305;230;139021,33;SGLT-2
202003;306;292;185008,63;SGLT-2
202003;307;437;283647,15;SGLT-2
202003;308;517;334403,6;SGLT-2
202003;309;234;162564,37;SGLT-2
202003;310;152;87686,38;SGLT-2
202003;311;268;166257,05;SGLT-2
202003;312;553;339545,43;SGLT-2
202003;313;340;207988,06;SGLT-2
202003;314;314;202323,41;SGLT-2
202003;315;410;267755,29;SGLT-2
202003;401;286;179820,93;SGLT-2
202003;402;422;274245,82;SGLT-2
202003;403;152;95201,89;SGLT-2
202003;404;831;507082,76;SGLT-2
202003;405;441;310449,97;SGLT-2
202003;406;533;333234,13;SGLT-2
202003;407;350;230577,57;SGLT-2
202003;408;461;284926,7;SGLT-2
202003;409;318;207889,95;SGLT-2
202003;410;451;284371,53;SGLT-2
202003;411;674;440964,37;SGLT-2
202003;412;353;232913,74;SGLT-2
202003;501;463;300940,04;SGLT-2
202003;502;279;165194,22;SGLT-2
202003;503;407;242422,19;SGLT-2
202003;504;343;216325,97;SGLT-2
202003;505;202;143628,43;SGLT-2
202003;506;407;252445,12;SGLT-2
202003;507;434;268506,9;SGLT-2
202003;508;400;225660,86;SGLT-2
202003;601;155;147195,2;SGLT-2
202003;700;245;180350,87;SGLT-2
202004;101;81;46608,17;SGLT-2
202004;102;439;320884,32;SGLT-2
202004;103;189;134624,75;SGLT-2
202004;104;223;153214,8;SGLT-2
202004;105;262;195844,21;SGLT-2
202004;106;626;471794,22;SGLT-2
202004;107;290;197821,34;SGLT-2
202004;108;126;89674,14;SGLT-2
202004;109;199;162472,76;SGLT-2
202004;110;152;105467,74;SGLT-2
202004;111;330;230157,92;SGLT-2
202004;112;141;110613,7;SGLT-2
202004;113;326;215250,73;SGLT-2
202004;114;390;287304,51;SGLT-2
202004;115;533;321189,4;SGLT-2
202004;116;560;333989,04;SGLT-2
202004;201;471;294286,54;SGLT-2
202004;202;324;215558,99;SGLT-2
202004;203;497;311382,87;SGLT-2
202004;204;321;219196,01;SGLT-2
202004;205;281;200007,99;SGLT-2
202004;206;344;234244,91;SGLT-2
202004;207;252;158472,81;SGLT-2
202004;208;260;170638,17;SGLT-2
202004;209;215;118855;SGLT-2
202004;301;142;102860,18;SGLT-2
202004;302;209;125831,81;SGLT-2
202004;303;209;137607,65;SGLT-2
202004;304;440;299310,57;SGLT-2
202004;305;136;97297,33;SGLT-2
202004;306;185;114623,35;SGLT-2
202004;307;340;216542,44;SGLT-2
202004;308;366;214737,9;SGLT-2
202004;309;187;126337,19;SGLT-2
202004;310;130;77909,18;SGLT-2
202004;311;280;171107,02;SGLT-2
202004;312;480;295317,75;SGLT-2
202004;313;293;163834,08;SGLT-2
202004;314;285;197938,36;SGLT-2
202004;315;265;201802,01;SGLT-2
202004;401;185;136475,08;SGLT-2
202004;402;292;220678,52;SGLT-2
202004;403;104;70918,24;SGLT-2
202004;404;607;404320,64;SGLT-2
202004;405;363;260890,86;SGLT-2
202004;406;394;268849,5;SGLT-2
202004;407;240;158476,27;SGLT-2
202004;408;243;156709,61;SGLT-2
202004;409;232;156445,21;SGLT-2
202004;410;339;235311,64;SGLT-2
202004;411;446;304116,75;SGLT-2
202004;412;264;167730,04;SGLT-2
202004;501;297;197522,38;SGLT-2
202004;502;191;129106,51;SGLT-2
202004;503;303;203495,08;SGLT-2
202004;504;175;110952,22;SGLT-2
202004;505;148;109574,49;SGLT-2
202004;506;286;185662,84;SGLT-2
202004;507;135;99412,42;SGLT-2
202004;508;287;192105,56;SGLT-2
202004;601;124;120319,61;SGLT-2
202004;700;215;145403,94;SGLT-2
202005;101;117;82117,98;SGLT-2
202005;102;408;314743,86;SGLT-2
202005;103;215;136725,76;SGLT-2
202005;104;203;139535,34;SGLT-2
202005;105;254;177851,44;SGLT-2
202005;106;619;471870,22;SGLT-2
202005;107;285;212768,62;SGLT-2
202005;108;149;113615,24;SGLT-2
202005;109;111;89975,63;SGLT-2
202005;110;188;147180,26;SGLT-2
202005;111;248;180940,32;SGLT-2
202005;112;224;163907,34;SGLT-2
202005;113;282;191268,1;SGLT-2
202005;114;370;273669,01;SGLT-2
202005;115;691;380209,12;SGLT-2
202005;116;552;347307,24;SGLT-2
202005;201;435;280658,35;SGLT-2
202005;202;391;278571,74;SGLT-2
202005;203;549;381267,52;SGLT-2
202005;204;341;232190,6;SGLT-2
202005;205;234;176599,62;SGLT-2
202005;206;304;205576,81;SGLT-2
202005;207;251;162658,65;SGLT-2
202005;208;213;133869,2;SGLT-2
202005;209;237;131973,12;SGLT-2
202005;301;210;151211,34;SGLT-2
202005;302;256;164995,79;SGLT-2
202005;303;165;116873,99;SGLT-2
202005;304;348;231497,35;SGLT-2
202005;305;189;122892,08;SGLT-2
202005;306;219;150151,55;SGLT-2
202005;307;373;263289,03;SGLT-2
202005;308;504;339429,46;SGLT-2
202005;309;251;143655,39;SGLT-2
202005;310;141;87919,1;SGLT-2
202005;311;237;158784,6;SGLT-2
202005;312;508;341955;SGLT-2
202005;313;236;155119,91;SGLT-2
202005;314;294;184008,48;SGLT-2
202005;315;365;277941,97;SGLT-2
202005;401;202;152580,06;SGLT-2
202005;402;266;199968,32;SGLT-2
202005;403;126;68962,61;SGLT-2
202005;404;651;443878,77;SGLT-2
202005;405;332;240670,37;SGLT-2
202005;406;478;335295,22;SGLT-2
202005;407;267;198168,24;SGLT-2
202005;408;308;203819,45;SGLT-2
202005;409;272;178135,65;SGLT-2
202005;410;310;195900,2;SGLT-2
202005;411;403;285757,05;SGLT-2
202005;412;284;189622,07;SGLT-2
202005;501;403;283146,41;SGLT-2
202005;502;168;117646;SGLT-2
202005;503;276;188664,8;SGLT-2
202005;504;242;170190,75;SGLT-2
202005;505;121;96464,26;SGLT-2
202005;506;229;162471,54;SGLT-2
202005;507;237;176446,9;SGLT-2
202005;508;294;195065,13;SGLT-2
202005;601;152;131303,32;SGLT-2
202005;700;234;165067,96;SGLT-2
202006;101;115;81825,37;SGLT-2
202006;102;582;454492,2;SGLT-2
202006;103;232;169833,58;SGLT-2
202006;104;253;175172,62;SGLT-2
202006;105;298;227205,63;SGLT-2
202006;106;1031;726118,77;SGLT-2
202006;107;373;259392,73;SGLT-2
202006;108;257;193408,43;SGLT-2
202006;109;242;196456,37;SGLT-2
202006;110;216;175225,45;SGLT-2
202006;111;387;280760,09;SGLT-2
202006;112;296;216278,9;SGLT-2
202006;113;347;253525,56;SGLT-2
202006;114;586;434973,65;SGLT-2
202006;115;681;424194,64;SGLT-2
202006;116;769;463216,62;SGLT-2
202006;201;603;415121,57;SGLT-2
202006;202;470;335635,44;SGLT-2
202006;203;639;430238,45;SGLT-2
202006;204;413;293904,83;SGLT-2
202006;205;340;236239,87;SGLT-2
202006;206;413;299420,83;SGLT-2
202006;207;325;198857,11;SGLT-2
202006;208;264;157387,72;SGLT-2
202006;209;297;156962,64;SGLT-2
202006;301;222;160263,14;SGLT-2
202006;302;313;214938,1;SGLT-2
202006;303;226;163904,25;SGLT-2
202006;304;546;380807;SGLT-2
202006;305;241;167159,76;SGLT-2
202006;306;269;184372,72;SGLT-2
202006;307;407;274588,4;SGLT-2
202006;308;490;300075,15;SGLT-2
202006;309;284;191208,05;SGLT-2
202006;310;180;108560,94;SGLT-2
202006;311;308;214822,8;SGLT-2
202006;312;713;484945,91;SGLT-2
202006;313;339;231552,26;SGLT-2
202006;314;370;263381,58;SGLT-2
202006;315;358;259789,18;SGLT-2
202006;401;211;149065,85;SGLT-2
202006;402;402;301062,92;SGLT-2
202006;403;177;104692,78;SGLT-2
202006;404;879;589569,18;SGLT-2
202006;405;420;305620,17;SGLT-2
202006;406;564;401107,34;SGLT-2
202006;407;318;241939,44;SGLT-2
202006;408;443;284589,37;SGLT-2
202006;409;284;198011,4;SGLT-2
202006;410;364;232300,09;SGLT-2
202006;411;609;395980,76;SGLT-2
202006;412;384;262823,68;SGLT-2
202006;501;371;249700,42;SGLT-2
202006;502;277;181472,49;SGLT-2
202006;503;399;277792,86;SGLT-2
202006;504;329;234845,18;SGLT-2
202006;505;167;128610,94;SGLT-2
202006;506;393;259283,5;SGLT-2
202006;507;335;243321,99;SGLT-2
202006;508;353;237053,18;SGLT-2
202006;601;109;98860,1;SGLT-2
202006;700;200;134012,24;SGLT-2
